{"skeleton":{"hash":"TBSYIkKkfVEQo85WtEsk0NiA8Qw","spine":"3.6.38","width":1769.35,"height":1314.39,"images":""},"bones":[{"name":"root","scaleX":-1},{"name":"body_human","parent":"root","length":323.08,"rotation":97.82,"x":-19.96,"y":471.07},{"name":"arm2_l","parent":"body_human","length":231.74,"rotation":155.52,"x":264.32,"y":107.6},{"name":"arm1_l","parent":"arm2_l","length":152.28,"rotation":-28.33,"x":222.56,"y":2.81},{"name":"body_dragon","parent":"body_human","length":339.42,"rotation":-147.26,"x":-13.23,"y":118.86},{"name":"tail","parent":"body_dragon","length":71.08,"rotation":84.66,"x":330.04,"y":337.26,"color":"e81005ff"},{"name":"bone2","parent":"tail","length":76.1,"rotation":10.69,"x":78.22,"y":1.23,"color":"e81005ff"},{"name":"bone3","parent":"bone2","length":79.71,"rotation":-0.91,"x":83.38,"y":2.3,"color":"e81005ff"},{"name":"bone4","parent":"bone3","length":77.63,"rotation":5.36,"x":90.58,"y":1.21,"color":"e81005ff"},{"name":"bone5","parent":"bone4","length":89.41,"rotation":-6.9,"x":81.13,"y":-1.54,"color":"e81005ff"},{"name":"bone6","parent":"bone5","length":85.78,"rotation":-8.18,"x":96.65,"y":0.2,"color":"e81005ff"},{"name":"bone7","parent":"bone6","length":69.55,"rotation":-10.6,"x":94.31,"y":0.24,"color":"e81005ff"},{"name":"bone8","parent":"bone7","length":72.38,"rotation":-5.39,"x":76.34,"y":2.52,"color":"e81005ff"},{"name":"cow_face","parent":"body_human","length":318.82,"rotation":129.04,"x":480.08,"y":86.04},{"name":"cow_hair","parent":"cow_face","length":195.17,"rotation":5.33,"x":-30.63,"y":-132.55},{"name":"effect_attack","parent":"root","length":1396.51,"rotation":-129.83,"x":-71.21,"y":1580.53},{"name":"effect_attack2","parent":"root","length":959.23,"rotation":-179.6,"x":-1546.06,"y":11.37},{"name":"effect_attack3","parent":"root","length":959.23,"rotation":-179.6,"x":-1546.06,"y":11.37},{"name":"effect_shiled","parent":"root","length":102.55,"rotation":68.2,"x":365.77,"y":526.47,"color":"ffd000ff"},{"name":"fog","parent":"root","length":1522.82,"rotation":29.93,"x":144.77,"y":-39.44,"scaleY":-1},{"name":"fog2","parent":"root","length":1522.82,"rotation":53.18,"x":-2.94,"y":-48.68},{"name":"fog_attack","parent":"root","x":-978.8,"y":1.9},{"name":"leg3_back_l","parent":"body_dragon","length":199.97,"rotation":-75.92,"x":77.75,"y":35.01},{"name":"foot_back_l2","parent":"root","x":-46.48,"y":137.21,"color":"ff3f00ff"},{"name":"leg2_back_l","parent":"leg3_back_l","length":174.17,"rotation":142.34,"x":195.72,"y":12.04},{"name":"leg1_back_l","parent":"leg2_back_l","length":238.15,"rotation":-111.5,"x":165.09,"y":84.16},{"name":"foot_back_l3","parent":"root","x":-100.91,"y":23.55,"color":"ff3f00ff"},{"name":"foot_back_l","parent":"leg1_back_l","length":111.65,"rotation":-24.79,"x":255.32,"y":-0.36},{"name":"foot_back_l1","parent":"root","x":-49.99,"y":140.72,"color":"ff3f00ff"},{"name":"leg3_back_r","parent":"body_dragon","length":258.26,"rotation":-55.16,"x":299.06,"y":324.96},{"name":"foot_back_r1","parent":"root","x":395.4,"y":121.43,"color":"ff3f00ff"},{"name":"leg2_back_r","parent":"leg3_back_r","length":266.89,"rotation":144.96,"x":244.85,"y":19.86},{"name":"leg1_back_r","parent":"leg2_back_r","length":239.25,"rotation":-147.48,"x":260.87,"y":-7.09},{"name":"foot_back_r2","parent":"root","x":330.52,"y":32.01,"color":"ff3f00ff"},{"name":"foot_back_r","parent":"leg1_back_r","length":112.52,"rotation":-21.64,"x":249.42,"y":3.13},{"name":"foot_front_l1","parent":"root","x":-353.34,"y":72.34,"color":"ff3f00ff"},{"name":"leg2_front_l","parent":"body_dragon","length":162.51,"rotation":-106.92,"x":71.88,"y":-87.75},{"name":"leg1_front_l","parent":"leg2_front_l","length":211.13,"rotation":57.68,"x":174.31,"y":-9.51},{"name":"foot_front_l2","parent":"root","x":-295.48,"y":14.47,"color":"ff3f00ff"},{"name":"foot_front_l","parent":"leg1_front_l","length":96.54,"rotation":60.4,"x":215.16,"y":-8.8},{"name":"foot_front_r1","parent":"root","x":149.91,"y":70.58,"color":"ff3f00ff"},{"name":"leg2_front_r","parent":"body_dragon","length":199.21,"rotation":55.58,"x":234.72,"y":24.86},{"name":"leg1_front_r","parent":"leg2_front_r","length":241.35,"rotation":-115.76,"x":194.25,"y":-8.83},{"name":"foot_front_r2","parent":"root","x":58.73,"y":-1.31,"color":"ff3f00ff"},{"name":"foot_front_r","parent":"leg1_front_r","length":122.85,"rotation":-34.61,"x":241.17,"y":8.41},{"name":"sholder_r","parent":"body_human","length":111.06,"rotation":-145.73,"x":282.94,"y":-235.77},{"name":"shleid","parent":"sholder_r","x":365.01,"y":-107.56},{"name":"glow","parent":"shleid","x":-96.15,"y":75.99},{"name":"glow_c","parent":"cow_face","rotation":5.33,"x":113.75,"y":-49.98},{"name":"human_face","parent":"body_human","length":271.67,"rotation":4.04,"x":373.53,"y":42.96},{"name":"glow_h","parent":"human_face","rotation":125,"x":64.74,"y":44.28},{"name":"sheep_face","parent":"body_human","length":351.71,"rotation":-18.49,"x":258.54,"y":-139.84},{"name":"glow_s","parent":"sheep_face","rotation":147.53,"x":148.23,"y":28.97},{"name":"hand_l","parent":"arm1_l","length":102.85,"rotation":-18.1,"x":153.22,"y":4.7},{"name":"heart","parent":"root","x":-47.42,"y":768.32},{"name":"heart2","parent":"root","x":-47.42,"y":768.32},{"name":"heart_glow","parent":"root","x":-117.09,"y":708.76},{"name":"horn_l","parent":"body_human","length":260.47,"rotation":19.09,"x":494.91,"y":58.32},{"name":"horn_r","parent":"body_human","length":298.72,"rotation":-55.83,"x":432.33,"y":-246.86},{"name":"human_mouth","parent":"human_face","length":178.53,"rotation":110.06,"x":-15.56,"y":-99.97},{"name":"left","parent":"heart","length":1031.23,"rotation":121.65,"x":-138.03,"y":-568.69},{"name":"left2","parent":"heart2","length":1031.23,"rotation":121.65,"x":-138.03,"y":-568.69},{"name":"right","parent":"heart","length":1328.6,"rotation":59.81,"y":-574.21},{"name":"right2","parent":"heart2","length":1328.6,"rotation":59.81,"y":-574.21},{"name":"sheep_mouth","parent":"sheep_face","length":105.43,"rotation":114.53,"x":-38.28,"y":-50.5},{"name":"shoulder_l","parent":"arm2_l","length":159.66,"rotation":-17.82,"x":-26.89,"y":-39.97},{"name":"wepon","parent":"hand_l","length":491.37,"rotation":-12.48,"x":70.71,"y":10.87}],"slots":[{"name":"horn_left","bone":"horn_l","attachment":"horn_left"},{"name":"horn_right","bone":"horn_r","attachment":"horn_right"},{"name":"wepon","bone":"wepon","attachment":"wepon"},{"name":"attack","bone":"effect_attack"},{"name":"hand_left","bone":"hand_l","attachment":"hand_left"},{"name":"arm2_left","bone":"arm2_l","attachment":"arm2_left"},{"name":"arm1_left","bone":"arm1_l","attachment":"arm1_left"},{"name":"human_body","bone":"body_human","attachment":"human_body"},{"name":"sholder_left","bone":"shoulder_l","attachment":"sholder_left"},{"name":"sholder_right","bone":"sholder_r","attachment":"sholder_right"},{"name":"tail","bone":"tail","attachment":"tail"},{"name":"foot_back_l","bone":"foot_back_l","attachment":"foot_back_l"},{"name":"leg1_back_l","bone":"leg1_back_l","attachment":"leg1_back_l"},{"name":"leg2_front_l","bone":"leg2_front_l","attachment":"leg2_front_l"},{"name":"foot_front_l","bone":"foot_front_l","attachment":"foot_front_l"},{"name":"leg1_front_l","bone":"leg1_front_l","attachment":"leg1_front_l"},{"name":"body_dragon","bone":"body_dragon","attachment":"body_dragon"},{"name":"foot_back_r","bone":"foot_back_r","attachment":"foot_back_r"},{"name":"leg1_back_r","bone":"leg1_back_r","attachment":"leg1_back_r"},{"name":"leg2_back_r","bone":"leg2_back_r","attachment":"leg2_back_r"},{"name":"leg3_back_r","bone":"leg3_back_r","attachment":"leg3_back_r"},{"name":"leg2_front_r","bone":"leg2_front_r","attachment":"leg2_front_r"},{"name":"foot_front_r","bone":"foot_front_r","attachment":"foot_front_r"},{"name":"leg1_front_r","bone":"leg1_front_r","attachment":"leg1_front_r"},{"name":"cow_face","bone":"cow_face","attachment":"cow_face"},{"name":"cow_hair","bone":"cow_hair","attachment":"cow_hair"},{"name":"human_face","bone":"human_face","attachment":"human_face"},{"name":"human_mouth","bone":"human_mouth","attachment":"human_mouth"},{"name":"sheep_face","bone":"sheep_face","attachment":"sheep_face"},{"name":"sheep_mouth","bone":"sheep_mouth","attachment":"sheep_mouth"},{"name":"Layer 152","bone":"shleid","attachment":"Layer 152"},{"name":"effect_shiled","bone":"effect_shiled"},{"name":"sheep_face_glow","bone":"glow_s"},{"name":"human_face_glow","bone":"glow_h"},{"name":"cow_face_glow","bone":"glow_c"},{"name":"shiled_glow","bone":"glow"},{"name":"effect_skill1","bone":"fog"},{"name":"effect_skill2","bone":"fog2"},{"name":"heart","bone":"heart"},{"name":"heart2","bone":"heart2"},{"name":"heart_left","bone":"left"},{"name":"heart_left2","bone":"left2"},{"name":"heart_right","bone":"right"},{"name":"heart_right2","bone":"right2"},{"name":"effect_attack2","bone":"effect_attack2"},{"name":"effect_attack3","bone":"effect_attack3"},{"name":"heart_glow","bone":"heart_glow","blend":"additive"},{"name":"fog","bone":"fog_attack"}],"ik":[{"name":"foot_back_l1","order":0,"bones":["leg2_back_l","leg1_back_l"],"target":"foot_back_l2","bendPositive":false},{"name":"foot_back_l2","order":1,"bones":["foot_back_l"],"target":"foot_back_l3"},{"name":"foot_back_r1","order":2,"bones":["leg2_back_r","leg1_back_r"],"target":"foot_back_r1","bendPositive":false},{"name":"foot_back_r2","order":3,"bones":["foot_back_r"],"target":"foot_back_r2"},{"name":"foot_front_l1","order":4,"bones":["leg2_front_l","leg1_front_l"],"target":"foot_front_l1"},{"name":"foot_front_l2","order":5,"bones":["foot_front_l"],"target":"foot_front_l2"},{"name":"foot_front_r1","order":6,"bones":["leg2_front_r","leg1_front_r"],"target":"foot_front_r1","bendPositive":false},{"name":"foot_front_r2","order":7,"bones":["foot_front_r"],"target":"foot_front_r2"}],"skins":{"default":{"Layer 152":{"Layer 152":{"x":-73.51,"y":-16.39,"rotation":47.91,"width":443,"height":612}},"arm1_left":{"arm1_left":{"x":88.17,"y":1.21,"rotation":135,"width":304,"height":304}},"arm2_left":{"arm2_left":{"x":117.3,"y":19.08,"rotation":106.67,"width":197,"height":288}},"attack":{"attack":{"x":206.69,"y":328.84,"scaleX":4.037,"scaleY":4.037,"rotation":76.91,"width":150,"height":519}},"body_dragon":{"body_dragon":{"type":"mesh","uvs":[0.11222,0.42466,0.04616,0.60083,0,0.64433,0.06061,0.77483,0.02758,0.81397,0.13906,0.92707,0.1597,1,0.38679,0.97057,0.64072,0.87487,0.6882,0.50513,0.51066,0.53776,0.40331,0.45076,0.33724,0.48991,0.29595,0.37899,0.22989,0.49861,0.13699,0.39856,0.13906,0.61388,0.24641,0.65303,0.2877,0.7248,0.12873,0.75525],"triangles":[14,13,12,0,15,14,16,1,0,14,16,0,17,14,12,16,14,17,18,17,12,12,11,10,18,12,10,19,1,16,19,16,17,19,17,18,2,1,19,3,2,19,8,10,9,18,10,8,5,19,18,3,19,5,4,3,5,7,18,8,5,18,7,6,5,7],"vertices":[-103.8,24.02,-40.89,-94.84,-39.87,-141.16,60.01,-166.95,65.06,-203.79,180.29,-192.64,229.67,-214.57,324.23,-71.92,396.09,116.57,219.72,314.23,150.98,198.26,51.84,177.41,40.83,121.79,-39.08,149.53,-6.68,56.77,-105.83,50.15,11.33,-48.07,84.66,-5.13,143.45,-14.79,82.58,-119.19],"hull":16,"edges":[0,2,2,4,4,6,6,8,8,10,10,12,12,14,14,16,16,18,18,20,20,22,22,24,24,26,26,28,28,30,0,30],"width":748,"height":710}},"cow_face":{"cow_face":{"type":"mesh","uvs":[0.97132,0.01872,0.58793,0.05683,0.32353,0.0857,0,0.07608,0.02277,0.13703,0.21116,0.23968,0.35658,0.35196,0.34666,0.43857,0.18802,0.58934,0.09548,0.80747,0.18802,0.94862,0.32683,0.98128,0.52183,0.97749,0.70361,0.8588,0.95149,0.74973,1,0.65029,1,0.27818,0.62759,0.34554,0.47887,0.67916],"triangles":[4,3,2,5,4,2,16,17,1,16,1,0,6,2,1,6,1,17,5,2,6,17,16,15,17,7,6,17,13,7,13,18,7,8,7,18,13,17,14,15,14,17,10,9,11,11,9,8,12,18,13,18,12,8,12,11,8],"vertices":[-105.04,-39.59,0.53,-131.39,74.04,-194.04,151.72,-282.19,162.7,-260.57,143.95,-184.42,138.49,-117.19,164.59,-97.67,245.11,-101.13,327.61,-69.85,343.16,-9.25,317.62,35.88,268.18,86.55,190.67,104.35,99.38,142.11,60.2,129.53,-41.35,34.36,69.47,-47.05,197.43,-1.12],"hull":17,"edges":[0,2,2,4,4,6,6,8,8,10,10,12,12,14,14,16,16,18,18,20,20,22,22,24,24,26,26,28,28,30,30,32,0,32,16,24,14,26],"width":363,"height":374}},"cow_face_glow":{"cow_face_glow":{"x":-2.39,"y":-0.47,"scaleX":0.457,"scaleY":0.457,"rotation":127.81,"width":832,"height":323}},"cow_hair":{"cow_hair":{"type":"mesh","uvs":[0.01,0.01566,0.20429,0.18397,0.32087,0.38248,0.16058,0.47311,0,0.51627,0.12172,0.62847,0.10715,0.80541,0.05372,1,0.18486,0.9392,0.32572,0.79678,0.59773,0.663,0.98145,0.52921,1,0.30049,0.72402,0.30049,0.39373,0.1106,0.17029,0,0.29172,0.61121],"triangles":[1,15,14,0,15,1,2,1,14,2,14,13,11,13,12,16,3,2,5,4,3,5,3,16,10,2,13,10,13,11,16,2,10,9,16,10,5,9,6,9,5,16,8,6,9,7,6,8],"vertices":[-5.47,-169.84,2.81,-104.19,28.77,-47.61,72.94,-63.45,106.73,-87.43,112.95,-44.56,154.02,-17.25,204.85,5.49,171.64,20.72,119.03,23.94,48.46,54.22,-39.02,106.31,-92.07,70.95,-50.28,17.09,-41.98,-79.73,-32.45,-142.18,83.42,-14.32],"hull":16,"edges":[0,2,2,4,4,6,6,8,8,10,10,12,12,14,14,16,16,18,18,20,20,22,22,24,24,26,26,28,28,30,0,30,4,20],"width":247,"height":278}},"effect_attack2":{"effect_attack2":{"x":139.33,"y":-359,"scaleX":2.182,"scaleY":2.182,"rotation":179.6,"width":696,"height":568}},"effect_attack3":{"effect_attack3":{"x":-265.49,"y":-288.6,"scaleX":1.582,"scaleY":1.582,"rotation":179.6,"width":603,"height":677}},"effect_shiled":{"effect_shiled":{"x":210.42,"y":12.38,"rotation":-68.2,"width":293,"height":416}},"effect_skill1":{"effect_skill1":{"x":472.21,"y":-21.57,"scaleX":3.448,"scaleY":3.448,"rotation":-36.75,"width":300,"height":272}},"effect_skill2":{"effect_skill2":{"x":425.37,"y":-61.67,"scaleX":2.784,"scaleY":2.784,"rotation":-35.99,"width":300,"height":209}},"fog":{"fog":{"x":104.68,"y":21.71,"scaleX":3.095,"scaleY":3.095,"width":400,"height":183}},"foot_back_l":{"foot_back_l":{"x":67.22,"y":-32.71,"rotation":119.31,"width":238,"height":155}},"foot_back_r":{"foot_back_r":{"x":68.06,"y":-30.56,"rotation":128.77,"width":238,"height":155}},"foot_front_l":{"foot_front_l":{"x":-10.69,"y":-40.23,"rotation":38.29,"width":206,"height":148}},"foot_front_r":{"foot_front_r":{"x":75.46,"y":2.49,"rotation":144.25,"width":238,"height":155}},"hand_left":{"hand_left":{"x":58.13,"y":12.65,"rotation":153.1,"width":184,"height":158}},"heart":{"heart":{"x":71.78,"y":-88.34,"scaleX":1.968,"scaleY":1.968,"width":500,"height":500},"heart_boom1":{"width":901,"height":592}},"heart2":{"heart":{"x":71.78,"y":-88.34,"width":500,"height":500},"heart_boom2":{"x":71.78,"y":-88.34,"width":602,"height":492}},"heart_glow":{"heart_glow":{"y":-79.69,"scaleX":7.729,"scaleY":7.729,"width":400,"height":400}},"heart_left":{"heart_left":{"x":450.57,"y":-173.94,"rotation":-121.65,"width":231,"height":406}},"heart_left2":{"heart_left":{"x":450.57,"y":-173.94,"rotation":-121.65,"width":231,"height":406}},"heart_right":{"heart_right":{"x":557.57,"y":-14.18,"rotation":-59.81,"width":263,"height":405}},"heart_right2":{"heart_right":{"x":557.57,"y":-14.18,"rotation":-59.81,"width":263,"height":405}},"horn_left":{"horn_left":{"x":67.5,"y":-82.13,"rotation":-116.9,"width":420,"height":309}},"horn_right":{"horn_right":{"x":106.39,"y":69.7,"rotation":-41.99,"width":448,"height":404}},"human_body":{"human_body":{"type":"mesh","uvs":[0.34311,0,0.129,0.16703,0.00538,0.34699,0.07363,0.45411,0.10685,0.50338,0.13638,0.58265,0.17145,0.62764,0.15853,0.71977,0.12715,0.82046,0.22867,0.94472,0.4557,1,0.57198,0.94043,0.63104,0.74119,0.70488,0.54195,0.75102,0.31699,0.71595,0.10918,0.59228,0.11133,0.42247,0,0.25267,0.5398,0.47969,0.56337,0.61443,0.46268,0.31727,0.40483,0.42617,0.66406,0.27851,0.64478],"triangles":[21,1,0,3,2,1,21,0,17,16,21,17,21,3,1,14,20,16,14,16,15,21,16,20,4,3,21,18,4,21,13,20,14,19,21,20,18,21,19,5,4,18,6,5,18,22,23,18,6,18,23,19,22,18,7,6,23,13,19,20,12,19,13,22,19,12,11,22,12,9,7,23,8,7,9,10,22,11,9,23,22,10,9,22],"vertices":[439.18,-40.09,365.6,111.69,276.69,205,211.23,169.21,180.95,151.57,134.36,138.58,106.3,119.43,56.34,134.76,3.24,162.64,-74.67,106.73,-125.4,-35.26,-102.63,-114.68,2.69,-167.89,106.7,-230.6,227.42,-277.45,345.82,-270.69,355.56,-190.89,432.33,-90.02,147.86,60.44,114.72,-83.96,158.67,-178.4,217.03,8.56,63.58,-41.83,87.33,51.79],"hull":18,"edges":[0,2,2,4,4,6,6,8,8,10,10,12,12,14,14,16,16,18,18,20,20,22,22,24,24,26,26,28,28,30,30,32,32,34,0,34,8,36,36,38,38,40,40,28],"width":650,"height":560}},"human_face":{"human_face":{"type":"mesh","uvs":[0,0.19057,0.11212,0.51479,0.12419,0.68525,0.24885,0.8858,0.43785,1,0.5585,1,0.73946,0.94596,0.98476,0.72202,0.92941,0.48199,0.89227,0.32093,0.66707,0.13709,0.54241,0,0.35743,0.22734,0.25287,0.27413,0.49013,0.30756,0.55447,0.45463,0.74348,0.52816,0.37753,0.67523,0.6236,0.48152,0.61882,0.71533,0.45394,0.7989,0.28906,0.78887],"triangles":[14,12,11,10,14,11,14,10,9,18,15,14,9,18,14,16,18,9,1,0,13,8,16,9,14,13,12,15,13,14,15,17,13,1,13,17,17,15,18,2,1,17,19,17,18,19,18,16,16,8,7,19,16,7,21,2,17,20,17,19,21,17,20,3,2,21,6,19,7,20,3,21,4,3,20,5,20,19,5,19,6,4,20,5],"vertices":[350,138.56,194.56,127.21,116.53,138.86,16.02,111.06,-50.53,50.87,-60.05,5.54,-49.9,-67.6,31.99,-181.05,144.89,-183.04,220.64,-184.38,321.53,-117.2,393.36,-83.37,305.17,7.73,292.26,51.47,258.42,-34.52,186.85,-44.74,138.69,-108.78,101.07,42.7,169.23,-68.16,63.9,-44.16,39.13,25.73,56.67,86.74],"hull":14,"edges":[0,2,2,4,4,6,6,8,8,10,10,12,12,14,18,20,20,22,22,24,24,26,0,26,28,30,28,18,14,16,16,18,32,16,30,36,36,32,34,36,36,38,38,40,40,42,42,4,2,34],"width":384,"height":462}},"human_face_glow":{"human_face_glow":{"x":11.3,"y":-43.6,"scaleX":0.935,"scaleY":0.935,"rotation":133.14,"width":901,"height":323}},"human_mouth":{"human_mouth":{"type":"mesh","uvs":[0,0.14754,0.06177,0.31893,0.27299,0.64564,0.28989,1,0.53068,0.76883,0.8095,0.58673,1,0.27072,1,0,0.71234,0,0.63207,0.2493,0.51801,0.02435,0.42085,0.20645,0.28144,0.18503,0.04065,0.06184,0.5687,0.40463,0.30256,0.36713],"triangles":[0,13,12,11,10,9,8,7,6,9,8,6,1,0,12,15,12,11,1,12,15,14,11,9,15,11,14,5,9,6,14,9,5,2,1,15,2,15,14,4,2,14,4,14,5,3,2,4],"vertices":[192.93,-138.86,198.33,-97,186.1,-3.16,223.99,66.75,138.57,58.95,49.79,66.18,-33.55,34.7,-65.61,-16.77,3.73,-59.96,52.6,-24.61,53.46,-84.51,98.45,-64.47,129.52,-89.48,172.98,-149.05,86.27,-4.59,145.99,-51.68],"hull":14,"edges":[0,2,2,4,4,6,6,8,8,10,10,12,12,14,14,16,16,18,18,20,20,22,22,24,24,26,0,26,28,30,2,30,28,10],"width":284,"height":224}},"leg1_back_l":{"leg1_back_l":{"x":94,"y":24.57,"rotation":94.52,"width":164,"height":341}},"leg1_back_r":{"leg1_back_r":{"x":80.25,"y":-11.02,"rotation":107.13,"width":164,"height":341}},"leg1_front_l":{"leg1_front_l":{"type":"mesh","uvs":[1,0.04768,1,0.49483,0.94803,0.76313,0.77307,0.97451,0.04407,1,0,0.53548,0.11697,0.1615,0.10239,0,0.62727,0],"triangles":[6,7,8,8,0,1,8,1,6,6,1,5,5,1,2,3,5,2,4,5,3],"vertices":[-45.9,60.21,73,78.39,145.52,81.59,205.7,64.24,229,-42.82,106.48,-68.24,4.38,-66.09,-38.23,-74.82,-50.13,3.01],"hull":9,"edges":[0,2,2,4,4,6,6,8,8,10,10,12,12,14,14,16,0,16],"width":150,"height":269}},"leg1_front_r":{"leg1_front_r":{"x":105.44,"y":-8.4,"rotation":109.63,"width":186,"height":367}},"leg2_back_r":{"leg2_back_r":{"x":139.12,"y":2.82,"rotation":-40.35,"width":224,"height":259}},"leg2_front_l":{"leg2_front_l":{"type":"mesh","uvs":[0.08607,0.29267,0,0.58722,0.12104,0.87125,0.33084,1,0.71548,0.87125,0.92528,0.67138,0.96899,0.31371,0.77667,0.00863,0.44448,0,0.51784,0.48078],"triangles":[9,8,7,9,7,6,0,8,9,1,0,9,5,9,6,2,1,9,4,9,5,3,2,9,4,3,9],"vertices":[175.11,-62.61,214.51,-22.94,211.04,33.46,179.23,72.25,95.04,84.21,39.92,69.71,6.02,15.44,21.9,-50.45,86.11,-80.21,105.09,4.37],"hull":9,"edges":[0,2,2,4,4,6,6,8,8,10,10,12,12,14,14,16,0,16],"width":213,"height":177}},"leg2_front_r":{"leg2_front_r":{"x":91.76,"y":-25.3,"rotation":-6.13,"width":194,"height":164}},"leg3_back_r":{"leg3_back_r":{"x":127.47,"y":12.04,"rotation":104.61,"width":192,"height":343}},"sheep_face":{"sheep_face":{"type":"mesh","uvs":[0.59361,0.94412,0.49691,1,0.33675,0.97382,0.27933,0.82534,0.1917,0.7214,0.09802,0.71026,0,0.49125,0,0.22028,0.11917,0.30936,0.12824,0.15346,0.21889,0.01611,0.36093,0,0.61175,0,0.76889,0.09036,0.84746,0.16088,0.88674,0.35762,0.84443,0.57292,0.9502,0.48754,1,0.5061,0.93811,0.74738,0.7991,0.90329,0.69032,0.84019,0.59664,0.86988,0.36162,0.35923,0.44321,0.49287,0.53689,0.50029,0.63964,0.43347,0.57315,0.66362,0.47947,0.69332,0.38579,0.6562,0.32233,0.49287,0.75447,0.30727,0.28607,0.22189],"triangles":[32,10,11,9,10,32,31,12,13,31,13,14,8,9,32,31,14,15,12,32,11,23,12,31,23,32,12,26,23,31,6,7,8,23,8,32,30,8,23,6,8,30,25,24,23,30,23,24,26,25,23,15,26,31,16,26,15,29,30,24,24,28,29,27,25,26,27,26,16,25,28,24,25,27,28,5,6,30,4,5,30,29,4,30,18,19,16,18,16,17,3,4,29,21,27,16,21,16,19,22,27,21,28,27,22,20,21,19,28,22,3,3,22,2,28,3,29,22,1,2,0,1,22],"vertices":[1.42,-70.21,-29.06,-25.66,-33.51,56.78,21.76,97.05,55.95,149.07,51.64,196.97,131.89,263.06,242.67,283.94,217.53,217.23,282.12,224.69,346.85,189.75,366.88,119.67,390.61,-6.29,368.55,-92.16,347.15,-137.05,270.44,-171.93,178.42,-167.27,223.34,-213.81,220.46,-240.24,115.97,-227.76,39.08,-169.96,54.58,-110.47,33.57,-65.72,220.09,91.64,173.18,40.37,179.01,-7.24,216.05,-53.69,115.67,-38.03,94.67,6.72,100.98,56.62,161.74,101.07,278.51,-101.63,269.08,140.16],"hull":23,"edges":[0,2,2,4,4,6,6,8,8,10,10,12,12,14,14,16,16,18,18,20,20,22,22,24,24,26,26,28,28,30,30,32,32,34,34,36,36,38,38,40,40,42,42,44,0,44,46,48,48,50,50,52,52,54,54,56,56,58,58,60,60,46],"width":511,"height":416}},"sheep_face_glow":{"sheep_face_glow":{"x":-18.84,"y":46.38,"scaleX":0.518,"scaleY":0.518,"rotation":133.14,"width":832,"height":323}},"sheep_mouth":{"sheep_mouth":{"type":"mesh","uvs":[0.95514,0.07357,0.64908,0.263,0.44709,0.16829,0.31242,0.06908,0.02473,0.06908,0,0.19986,0.05533,0.59451,0.19,0.86287,0.45321,0.93092,0.71642,0.93092,0.91229,0.76816,1,0.4919,0.65521,0.65765,0.31242,0.6024],"triangles":[1,0,11,3,5,4,2,5,3,5,13,6,2,13,5,13,2,1,12,1,11,13,1,12,10,12,11,7,6,13,8,13,12,7,13,8,9,12,10,8,12,9],"vertices":[-60.63,-67.62,4.5,-54.04,39.49,-77.5,61.51,-98.46,116.25,-111.97,125.72,-93.83,129.56,-33,113.71,12.93,66.1,35.33,16.01,47.69,-27.19,32.87,-53.94,-3.78,17.71,4.49,80.93,-19.76],"hull":12,"edges":[0,2,2,4,4,6,6,8,8,10,10,12,12,14,14,16,16,18,18,20,20,22,0,22],"width":184,"height":152}},"shiled_glow":{"shiled_glow":{"x":-22.42,"y":-28.17,"scaleX":0.752,"scaleY":0.752,"rotation":47.91,"width":1032,"height":405}},"sholder_left":{"sholder_left":{"x":52.14,"y":-9.89,"rotation":113.79,"width":207,"height":234}},"sholder_right":{"sholder_right":{"x":62.49,"y":13.07,"rotation":50.07,"width":224,"height":221}},"tail":{"tail":{"type":"mesh","uvs":[1,0,0.95321,0.05401,0.86304,0.1091,0.76308,0.19531,0.65527,0.32942,0.57882,0.45396,0.49649,0.58568,0.41417,0.71261,0.32008,0.83235,0.21227,0.9521,0.10838,1,0,0.92336,0,0.77966,0.09074,0.69824,0.17698,0.61202,0.25343,0.52581,0.34164,0.41564,0.42005,0.32942,0.51217,0.248,0.60822,0.16657,0.70819,0.09473,0.8258,0.03725,0.90617,0.00851],"triangles":[2,22,1,1,22,0,2,20,21,2,21,22,4,19,3,19,20,3,2,3,20,17,18,5,5,18,4,18,19,4,6,16,5,5,16,17,14,15,7,7,15,6,15,16,6,8,14,7,10,11,9,8,9,13,13,9,12,9,11,12,13,14,8],"vertices":[1,12,82.89,2.11,1,2,11,122.12,-15.67,0.00289,12,47.28,-13.81,0.99711,1,11,61.06,-17.68,1,2,10,76.93,-28.3,0.87533,11,-11.84,-31.25,0.12467,2,9,75.59,-42.12,0.9127,10,-14.82,-44.88,0.0873,2,8,73.99,-56.18,0.51165,9,-0.52,-55.1,0.48835,3,6,170.45,-57.83,0.03938,7,88.01,-58.74,0.54207,8,-8.15,-59.45,0.41854,2,6,90.52,-65.8,0.61971,7,8.22,-67.98,0.38029,3,5,98.55,-62.27,0.32395,6,8.19,-66.17,0.67605,8,-170.57,-55.19,0,3,5,10.92,-73.12,0.99632,6,-79.93,-60.58,0.00368,8,-257.99,-42.77,0,2,5,-54.21,-56.23,1,8,-316.45,-9.45,0,2,5,-85.95,12.71,1,8,-329.08,65.37,0,2,5,-44.85,70.93,1,8,-274.2,110.85,0,3,5,23.37,72.22,0.98021,6,-40.74,79.93,0.01978,8,-208.02,94.27,1.0E-5,4,5,90.73,77.01,0.34328,6,26.35,72.15,0.52928,7,-58.14,68.93,0.12741,8,-141.75,81.31,3.0E-5,4,5,153.23,85.23,0.00289,6,89.29,68.63,0.16209,7,4.86,66.41,0.83365,8,-79.26,72.92,0.00136,2,7,81.29,67.25,0.62,8,-3.08,66.62,0.38,3,7,145.13,63.89,0.03747,8,60.16,57.32,0.78067,9,-27.89,55.91,0.18186,2,8,126.88,40.1,0.04405,9,40.42,46.84,0.95595,2,9,110.45,36.12,0.13681,10,8.55,37.53,0.86319,2,10,78.58,31.64,0.74647,11,-21.23,27.97,0.25353,2,11,55.43,24.12,0.72538,12,-22.85,19.55,0.27462,1,12,27.83,16.91,1],"hull":23,"edges":[0,2,2,4,4,6,6,8,8,10,10,12,12,14,14,16,16,18,18,20,20,22,22,24,24,26,26,28,28,30,30,32,32,34,34,36,36,38,38,40,40,42,42,44,0,44],"width":606,"height":495}},"wepon":{"wepon":{"x":240.18,"y":21.91,"rotation":165.59,"width":584,"height":222}}}},"animations":{"attack":{"slots":{"attack":{"color":[{"time":0.9333,"color":"fffffffe"},{"time":2.0333,"color":"ffffff00"}],"attachment":[{"time":0.9333,"name":"attack"}]},"effect_attack2":{"color":[{"time":1.3,"color":"ffffff00"},{"time":1.3667,"color":"fffffffe","curve":[0.25,0,0.75,1]},{"time":2.1333,"color":"ffffff00"}],"attachment":[{"time":1.3,"name":"effect_attack2"}]},"effect_attack3":{"color":[{"time":1.1333,"color":"ffffff00"},{"time":1.2,"color":"fffffffe","curve":[0.25,0,0.75,1]},{"time":1.9667,"color":"ffffff00"}],"attachment":[{"time":1.1333,"name":"effect_attack3"}]},"effect_shiled":{"attachment":[{"time":1.2,"name":null}]},"fog":{"color":[{"time":0.9,"color":"ffffff00","curve":[0,0.46,0,0.97]},{"time":0.9667,"color":"fffffffe","curve":[0.637,0,0.625,0.92]},{"time":1.8333,"color":"ffffff00"}],"attachment":[{"time":0.9,"name":"fog"}]}},"bones":{"root":{"rotate":[{"time":0,"angle":0,"curve":"stepped"},{"time":2.8333,"angle":0}],"translate":[{"time":0,"x":0,"y":0,"curve":"stepped"},{"time":2.8333,"x":0,"y":0}],"scale":[{"time":0,"x":1,"y":1,"curve":"stepped"},{"time":2.8333,"x":1,"y":1}]},"body_human":{"rotate":[{"time":0,"angle":0,"curve":[0.709,0,0.365,0.99]},{"time":0.5,"angle":-17.48,"curve":[0.689,0,0.75,1]},{"time":0.8333,"angle":-19.83,"curve":[0.954,0,0.971,0.47]},{"time":0.9333,"angle":5.59},{"time":1.7,"angle":8.82},{"time":1.7667,"angle":-3.51,"curve":[0.937,0,0.917,0.14]},{"time":2.7,"angle":0}],"translate":[{"time":0,"x":0,"y":0,"curve":[0.709,0,0.365,0.99]},{"time":0.5,"x":119.29,"y":-48.95,"curve":[0.689,0,0.75,1]},{"time":0.8333,"x":137.09,"y":-80.1,"curve":[0.954,0,0.971,0.47]},{"time":0.9333,"x":-112.11,"y":-48.95,"curve":"stepped"},{"time":1.7,"x":-112.11,"y":-48.95},{"time":1.7667,"x":21.39,"y":-48.95,"curve":[0.937,0,0.917,0.14]},{"time":2.7,"x":0,"y":0}],"scale":[{"time":0,"x":1,"y":1,"curve":"stepped"},{"time":2.8333,"x":1,"y":1}]},"human_face":{"rotate":[{"time":0,"angle":0},{"time":0.5,"angle":8.57,"curve":"stepped"},{"time":0.8333,"angle":8.57,"curve":[0.954,0,0.971,0.47]},{"time":0.9333,"angle":2.47},{"time":1.7,"angle":5.1,"curve":"stepped"},{"time":1.7667,"angle":5.1},{"time":2.8,"angle":0}],"translate":[{"time":0,"x":0,"y":0},{"time":0.8333,"x":-12.11,"y":-1.99,"curve":[0.954,0,0.971,0.47]},{"time":0.9333,"x":-26.57,"y":61.23},{"time":1.7,"x":-33.29,"y":73.68},{"time":1.7667,"x":-7.24,"y":4.78},{"time":2.8,"x":0,"y":0}],"scale":[{"time":0,"x":1,"y":1,"curve":"stepped"},{"time":2.8333,"x":1,"y":1}]},"human_mouth":{"rotate":[{"time":0,"angle":0},{"time":2.8333,"angle":-360}],"translate":[{"time":0,"x":0,"y":0},{"time":2.8333,"x":0,"y":0}],"scale":[{"time":0,"x":1,"y":1,"curve":"stepped"},{"time":2.8333,"x":1,"y":1}]},"sheep_face":{"rotate":[{"time":0,"angle":0},{"time":0.5,"angle":7.98,"curve":"stepped"},{"time":0.8333,"angle":7.98,"curve":[0.954,0,0.971,0.47]},{"time":0.9333,"angle":-5.44},{"time":1.7,"angle":-2.57},{"time":1.7667,"angle":3.88},{"time":2.8,"angle":0}],"translate":[{"time":0,"x":0,"y":0},{"time":0.8333,"x":-10.97,"y":-14.97,"curve":[0.954,0,0.971,0.47]},{"time":0.9333,"x":-25.34,"y":47.21},{"time":1.7,"x":-32.06,"y":59.66},{"time":1.7667,"x":-24.09,"y":-12.34},{"time":2.8,"x":0,"y":0}],"scale":[{"time":0,"x":1,"y":1,"curve":"stepped"},{"time":2.8333,"x":1,"y":1}]},"sheep_mouth":{"rotate":[{"time":0,"angle":0},{"time":2.8333,"angle":-360}],"translate":[{"time":0,"x":0,"y":0,"curve":"stepped"},{"time":2.8333,"x":0,"y":0}],"scale":[{"time":0,"x":1,"y":1,"curve":"stepped"},{"time":2.8333,"x":1,"y":1}]},"cow_face":{"rotate":[{"time":0,"angle":0},{"time":0.5,"angle":9.64,"curve":"stepped"},{"time":0.8333,"angle":9.64,"curve":[0.954,0,0.971,0.47]},{"time":0.9333,"angle":-3.28},{"time":1.7,"angle":0.54,"curve":"stepped"},{"time":1.7667,"angle":0.54},{"time":2.8,"angle":-360}],"translate":[{"time":0,"x":0,"y":0},{"time":0.5,"x":-24.27,"y":38.69},{"time":0.8333,"x":-20.56,"y":21.28,"curve":[0.954,0,0.971,0.47]},{"time":0.9333,"x":-52.71,"y":72.92},{"time":1.7,"x":-59.42,"y":85.36},{"time":1.7667,"x":-62.76,"y":40.98},{"time":2.8,"x":0,"y":0}],"scale":[{"time":0,"x":1,"y":1,"curve":"stepped"},{"time":2.8333,"x":1,"y":1}]},"cow_hair":{"rotate":[{"time":0,"angle":0,"curve":"stepped"},{"time":2.8333,"angle":0}],"translate":[{"time":0,"x":0,"y":0},{"time":2.8333,"x":0,"y":0}],"scale":[{"time":0,"x":1,"y":1,"curve":"stepped"},{"time":2.8333,"x":1,"y":1}]},"sholder_r":{"rotate":[{"time":0,"angle":0,"curve":"stepped"},{"time":2.8333,"angle":0}],"translate":[{"time":0,"x":0,"y":0,"curve":"stepped"},{"time":2.8333,"x":0,"y":0}],"scale":[{"time":0,"x":1,"y":1,"curve":"stepped"},{"time":2.8333,"x":1,"y":1}]},"arm2_l":{"rotate":[{"time":0,"angle":0,"curve":[0.546,0.02,0.481,0.99]},{"time":0.5,"angle":-102.96,"curve":[0,0.45,0.049,1]},{"time":0.8333,"angle":-113.2,"curve":[0.954,0,0.971,0.47]},{"time":0.9333,"angle":-27.99},{"time":1.7,"angle":-25.06},{"time":1.7667,"angle":14.6},{"time":2.7,"angle":-360}],"translate":[{"time":0,"x":0,"y":0,"curve":"stepped"},{"time":2.8333,"x":0,"y":0}],"scale":[{"time":0,"x":1,"y":1,"curve":"stepped"},{"time":2.8333,"x":1,"y":1}]},"arm1_l":{"rotate":[{"time":0,"angle":0,"curve":[0.546,0.02,0.481,0.99]},{"time":0.5,"angle":-31.24,"curve":"stepped"},{"time":0.8333,"angle":-31.24,"curve":[0.954,0,0.971,0.47]},{"time":0.9333,"angle":21.96,"curve":"stepped"},{"time":1.7,"angle":21.96},{"time":1.7667,"angle":-16.7},{"time":2.7,"angle":0}],"translate":[{"time":0,"x":0,"y":0,"curve":"stepped"},{"time":2.8333,"x":0,"y":0}],"scale":[{"time":0,"x":1,"y":1,"curve":"stepped"},{"time":2.8333,"x":1,"y":1}]},"hand_l":{"rotate":[{"time":0,"angle":0,"curve":[0.546,0.02,0.481,0.99]},{"time":0.9333,"angle":-7.68,"curve":"stepped"},{"time":1.7,"angle":-7.68,"curve":"stepped"},{"time":1.7667,"angle":-7.68},{"time":2.7,"angle":0}],"translate":[{"time":0,"x":0,"y":0,"curve":"stepped"},{"time":2.8333,"x":0,"y":0}],"scale":[{"time":0,"x":1,"y":1,"curve":"stepped"},{"time":2.8333,"x":1,"y":1}]},"wepon":{"rotate":[{"time":0,"angle":0,"curve":[0.546,0.02,0.481,0.99]},{"time":0.8333,"angle":8.83,"curve":[0.954,0,0.971,0.47]},{"time":0.9333,"angle":20.14},{"time":1.7,"angle":14.51},{"time":1.7667,"angle":2.34},{"time":2.8,"angle":0}],"translate":[{"time":0,"x":0,"y":0,"curve":"stepped"},{"time":2.8333,"x":0,"y":0}],"scale":[{"time":0,"x":1,"y":1,"curve":"stepped"},{"time":2.8333,"x":1,"y":1}]},"shoulder_l":{"rotate":[{"time":0,"angle":0,"curve":"stepped"},{"time":2.8333,"angle":0}],"translate":[{"time":0,"x":0,"y":0,"curve":"stepped"},{"time":2.8333,"x":0,"y":0}],"scale":[{"time":0,"x":1,"y":1,"curve":"stepped"},{"time":2.8333,"x":1,"y":1}]},"shleid":{"rotate":[{"time":0,"angle":0},{"time":0.5,"angle":19.13,"curve":"stepped"},{"time":0.8333,"angle":19.13,"curve":[0.954,0,0.971,0.47]},{"time":0.9333,"angle":-6.33},{"time":1.7,"angle":-9.84},{"time":1.7667,"angle":-1.27},{"time":2.7,"angle":0}],"translate":[{"time":0,"x":0,"y":0},{"time":0.5,"x":-82.18,"y":-17.73},{"time":0.8333,"x":-113.94,"y":-14.26,"curve":[0.954,0,0.971,0.47]},{"time":0.9333,"x":40.11,"y":11.62},{"time":1.7,"x":47.87,"y":17.92},{"time":1.7667,"x":-13.96,"y":4.63},{"time":2.7,"x":0,"y":0}],"scale":[{"time":0,"x":1,"y":1,"curve":"stepped"},{"time":2.8333,"x":1,"y":1}]},"body_dragon":{"rotate":[{"time":0,"angle":0,"curve":"stepped"},{"time":2.8333,"angle":0}],"translate":[{"time":0,"x":0,"y":0,"curve":"stepped"},{"time":2.8333,"x":0,"y":0}],"scale":[{"time":0,"x":1,"y":1,"curve":"stepped"},{"time":2.8333,"x":1,"y":1}]},"foot_front_r1":{"rotate":[{"time":0,"angle":0,"curve":"stepped"},{"time":2.8333,"angle":0}],"translate":[{"time":0,"x":0,"y":0,"curve":"stepped"},{"time":2.8333,"x":0,"y":0}],"scale":[{"time":0,"x":1,"y":1,"curve":"stepped"},{"time":2.8333,"x":1,"y":1}]},"leg2_front_r":{"rotate":[{"time":0,"angle":0},{"time":2.8333,"angle":2.06}],"translate":[{"time":0,"x":0,"y":0,"curve":"stepped"},{"time":2.8333,"x":0,"y":0}],"scale":[{"time":0,"x":1,"y":1,"curve":"stepped"},{"time":2.8333,"x":1,"y":1}]},"leg1_front_r":{"rotate":[{"time":0,"angle":0},{"time":2.8333,"angle":-1.58}],"translate":[{"time":0,"x":0,"y":0,"curve":"stepped"},{"time":2.8333,"x":0,"y":0}],"scale":[{"time":0,"x":1,"y":1,"curve":"stepped"},{"time":2.8333,"x":1,"y":1}]},"foot_front_r2":{"rotate":[{"time":0,"angle":0,"curve":"stepped"},{"time":2.8333,"angle":0}],"translate":[{"time":0,"x":0,"y":0,"curve":"stepped"},{"time":2.8333,"x":0,"y":0}],"scale":[{"time":0,"x":1,"y":1,"curve":"stepped"},{"time":2.8333,"x":1,"y":1}]},"foot_front_r":{"rotate":[{"time":0,"angle":0},{"time":2.8333,"angle":-1.29}],"translate":[{"time":0,"x":0,"y":0,"curve":"stepped"},{"time":2.8333,"x":0,"y":0}],"scale":[{"time":0,"x":1,"y":1,"curve":"stepped"},{"time":2.8333,"x":1,"y":1}]},"foot_front_l1":{"rotate":[{"time":0,"angle":0,"curve":"stepped"},{"time":2.8333,"angle":0}],"translate":[{"time":0,"x":0,"y":0,"curve":"stepped"},{"time":2.8333,"x":0,"y":0}],"scale":[{"time":0,"x":1,"y":1,"curve":"stepped"},{"time":2.8333,"x":1,"y":1}]},"leg2_front_l":{"rotate":[{"time":0,"angle":0},{"time":2.8333,"angle":-4.27}],"translate":[{"time":0,"x":0,"y":0,"curve":"stepped"},{"time":2.8333,"x":0,"y":0}],"scale":[{"time":0,"x":1,"y":1,"curve":"stepped"},{"time":2.8333,"x":1,"y":1}]},"leg1_front_l":{"rotate":[{"time":0,"angle":0},{"time":2.8333,"angle":4.82}],"translate":[{"time":0,"x":0,"y":0,"curve":"stepped"},{"time":2.8333,"x":0,"y":0}],"scale":[{"time":0,"x":1,"y":1,"curve":"stepped"},{"time":2.8333,"x":1,"y":1}]},"foot_front_l2":{"rotate":[{"time":0,"angle":0,"curve":"stepped"},{"time":2.8333,"angle":0}],"translate":[{"time":0,"x":0,"y":0,"curve":"stepped"},{"time":2.8333,"x":0,"y":0}],"scale":[{"time":0,"x":1,"y":1,"curve":"stepped"},{"time":2.8333,"x":1,"y":1}]},"foot_front_l":{"rotate":[{"time":0,"angle":0},{"time":2.8333,"angle":-1.65}],"translate":[{"time":0,"x":0,"y":0,"curve":"stepped"},{"time":2.8333,"x":0,"y":0}],"scale":[{"time":0,"x":1,"y":1,"curve":"stepped"},{"time":2.8333,"x":1,"y":1}]},"leg3_back_r":{"rotate":[{"time":0,"angle":0},{"time":0.5,"angle":-19.78,"curve":"stepped"},{"time":0.8333,"angle":-19.78,"curve":"stepped"},{"time":0.9333,"angle":-19.78,"curve":"stepped"},{"time":1.7,"angle":-19.78,"curve":"stepped"},{"time":1.7667,"angle":-19.78},{"time":2.8,"angle":0}],"translate":[{"time":0,"x":0,"y":0,"curve":"stepped"},{"time":2.8333,"x":0,"y":0}],"scale":[{"time":0,"x":1,"y":1,"curve":"stepped"},{"time":2.8333,"x":1,"y":1}]},"foot_back_r1":{"rotate":[{"time":0,"angle":0,"curve":"stepped"},{"time":2.8333,"angle":0}],"translate":[{"time":0,"x":0,"y":0,"curve":"stepped"},{"time":2.8333,"x":0,"y":0}],"scale":[{"time":0,"x":1,"y":1,"curve":"stepped"},{"time":2.8333,"x":1,"y":1}]},"leg2_back_r":{"rotate":[{"time":0,"angle":0},{"time":2.8333,"angle":0.95}],"translate":[{"time":0,"x":0,"y":0,"curve":"stepped"},{"time":2.8333,"x":0,"y":0}],"scale":[{"time":0,"x":1,"y":1,"curve":"stepped"},{"time":2.8333,"x":1,"y":1}]},"leg1_back_r":{"rotate":[{"time":0,"angle":0},{"time":2.8333,"angle":-0.37}],"translate":[{"time":0,"x":0,"y":0,"curve":"stepped"},{"time":2.8333,"x":0,"y":0}],"scale":[{"time":0,"x":1,"y":1,"curve":"stepped"},{"time":2.8333,"x":1,"y":1}]},"foot_back_r2":{"rotate":[{"time":0,"angle":0,"curve":"stepped"},{"time":2.8333,"angle":0}],"translate":[{"time":0,"x":0,"y":0,"curve":"stepped"},{"time":2.8333,"x":0,"y":0}],"scale":[{"time":0,"x":1,"y":1,"curve":"stepped"},{"time":2.8333,"x":1,"y":1}]},"foot_back_r":{"rotate":[{"time":0,"angle":0},{"time":2.8333,"angle":-1.33}],"translate":[{"time":0,"x":0,"y":0,"curve":"stepped"},{"time":2.8333,"x":0,"y":0}],"scale":[{"time":0,"x":1,"y":1,"curve":"stepped"},{"time":2.8333,"x":1,"y":1}]},"foot_back_l1":{"rotate":[{"time":0,"angle":0,"curve":"stepped"},{"time":2.8333,"angle":0}],"translate":[{"time":0,"x":0,"y":0,"curve":"stepped"},{"time":2.8333,"x":0,"y":0}],"scale":[{"time":0,"x":1,"y":1,"curve":"stepped"},{"time":2.8333,"x":1,"y":1}]},"leg3_back_l":{"rotate":[{"time":0,"angle":0,"curve":"stepped"},{"time":2.8333,"angle":0}],"translate":[{"time":0,"x":0,"y":0,"curve":"stepped"},{"time":2.8333,"x":0,"y":0}],"scale":[{"time":0,"x":1,"y":1,"curve":"stepped"},{"time":2.8333,"x":1,"y":1}]},"foot_back_l2":{"rotate":[{"time":0,"angle":0,"curve":"stepped"},{"time":2.8333,"angle":0}],"translate":[{"time":0,"x":0,"y":0,"curve":"stepped"},{"time":2.8333,"x":0,"y":0}],"scale":[{"time":0,"x":1,"y":1,"curve":"stepped"},{"time":2.8333,"x":1,"y":1}]},"leg2_back_l":{"rotate":[{"time":0,"angle":0},{"time":2.8333,"angle":3.34}],"translate":[{"time":0,"x":0,"y":0,"curve":"stepped"},{"time":2.8333,"x":0,"y":0}],"scale":[{"time":0,"x":1,"y":1,"curve":"stepped"},{"time":2.8333,"x":1,"y":1}]},"leg1_back_l":{"rotate":[{"time":0,"angle":0},{"time":2.8333,"angle":-1.19}],"translate":[{"time":0,"x":0,"y":0,"curve":"stepped"},{"time":2.8333,"x":0,"y":0}],"scale":[{"time":0,"x":1,"y":1,"curve":"stepped"},{"time":2.8333,"x":1,"y":1}]},"foot_back_l3":{"rotate":[{"time":0,"angle":0,"curve":"stepped"},{"time":2.8333,"angle":0}],"translate":[{"time":0,"x":0,"y":0,"curve":"stepped"},{"time":2.8333,"x":0,"y":0}],"scale":[{"time":0,"x":1,"y":1,"curve":"stepped"},{"time":2.8333,"x":1,"y":1}]},"foot_back_l":{"rotate":[{"time":0,"angle":0},{"time":2.8333,"angle":-1.77}],"translate":[{"time":0,"x":0,"y":0,"curve":"stepped"},{"time":2.8333,"x":0,"y":0}],"scale":[{"time":0,"x":1,"y":1,"curve":"stepped"},{"time":2.8333,"x":1,"y":1}]},"tail":{"rotate":[{"time":0,"angle":0,"curve":[0.907,0.03,0.75,1]},{"time":0.5,"angle":3.76,"curve":[0.713,0,0.75,1]},{"time":0.8333,"angle":3.8,"curve":[0.954,0,0.971,0.47]},{"time":0.9333,"angle":1.65,"curve":[0.039,0.86,0.75,1]},{"time":1.7,"angle":-23.37},{"time":1.7667,"angle":4.75,"curve":[0.561,0.15,0.192,0.91]},{"time":2.8,"angle":0}],"translate":[{"time":0,"x":0,"y":0,"curve":"stepped"},{"time":2.8333,"x":0,"y":0}],"scale":[{"time":0,"x":1,"y":1,"curve":"stepped"},{"time":2.8333,"x":1,"y":1}]},"bone2":{"rotate":[{"time":0,"angle":0,"curve":[0.907,0.03,0.75,1]},{"time":0.5,"angle":1.95,"curve":[0.713,0,0.75,1]},{"time":0.8333,"angle":2.45,"curve":[0.954,0,0.971,0.47]},{"time":0.9333,"angle":-3.24,"curve":[0.039,0.86,0.75,1]},{"time":1.7,"angle":-10.68},{"time":1.7667,"angle":0.92,"curve":[0.561,0.15,0.192,0.91]},{"time":2.8,"angle":0}],"translate":[{"time":0,"x":0,"y":0,"curve":"stepped"},{"time":2.8333,"x":0,"y":0}],"scale":[{"time":0,"x":1,"y":1,"curve":"stepped"},{"time":2.8333,"x":1,"y":1}]},"bone3":{"rotate":[{"time":0,"angle":0,"curve":[0.907,0.03,0.75,1]},{"time":0.5,"angle":3.41,"curve":[0.713,0,0.75,1]},{"time":0.8333,"angle":3.91,"curve":[0.954,0,0.971,0.47]},{"time":0.9333,"angle":-4.58,"curve":[0.039,0.86,0.75,1]},{"time":1.7,"angle":17.16},{"time":1.7667,"angle":3.87,"curve":[0.561,0.15,0.192,0.91]},{"time":2.8,"angle":0}],"translate":[{"time":0,"x":0,"y":0,"curve":[0.907,0.03,0.75,1]},{"time":2.8333,"x":0,"y":0}],"scale":[{"time":0,"x":1,"y":1,"curve":"stepped"},{"time":2.8333,"x":1,"y":1}]},"bone4":{"rotate":[{"time":0,"angle":0,"curve":[0.907,0.03,0.75,1]},{"time":0.5,"angle":2.36,"curve":[0.713,0,0.75,1]},{"time":0.8333,"angle":3.53,"curve":[0.954,0,0.971,0.47]},{"time":0.9333,"angle":-9.23,"curve":[0.039,0.86,0.75,1]},{"time":1.7,"angle":13.63},{"time":1.7667,"angle":4.66,"curve":[0.561,0.15,0.192,0.91]},{"time":2.8,"angle":0}],"translate":[{"time":0,"x":0,"y":0,"curve":[0.907,0.03,0.75,1]},{"time":2.8333,"x":0,"y":0}],"scale":[{"time":0,"x":1,"y":1,"curve":"stepped"},{"time":2.8333,"x":1,"y":1}]},"bone5":{"rotate":[{"time":0,"angle":0,"curve":[0.907,0.03,0.75,1]},{"time":0.5,"angle":7.34,"curve":[0.713,0,0.75,1]},{"time":0.8333,"angle":9.76,"curve":[0.954,0,0.971,0.47]},{"time":0.9333,"angle":-9.82,"curve":[0.039,0.86,0.75,1]},{"time":1.7,"angle":16.76},{"time":1.7667,"angle":22.01,"curve":[0.561,0.15,0.192,0.91]},{"time":2.8,"angle":0}],"translate":[{"time":0,"x":0,"y":0,"curve":"stepped"},{"time":2.8333,"x":0,"y":0}],"scale":[{"time":0,"x":1,"y":1,"curve":"stepped"},{"time":2.8333,"x":1,"y":1}]},"bone6":{"rotate":[{"time":0,"angle":0,"curve":[0.907,0.03,0.75,1]},{"time":0.5,"angle":14,"curve":[0.713,0,0.75,1]},{"time":0.8333,"angle":19.5,"curve":[0.954,0,0.971,0.47]},{"time":0.9333,"angle":-3.71,"curve":[0.039,0.86,0.75,1]},{"time":1.7,"angle":29.01},{"time":1.7667,"angle":51,"curve":[0.561,0.15,0.192,0.91]},{"time":2.8,"angle":0}],"translate":[{"time":0,"x":0,"y":0,"curve":[0.907,0.03,0.75,1]},{"time":2.8333,"x":0,"y":0}],"scale":[{"time":0,"x":1,"y":1,"curve":"stepped"},{"time":2.8333,"x":1,"y":1}]},"bone7":{"rotate":[{"time":0,"angle":0,"curve":[0.907,0.03,0.75,1]},{"time":0.5,"angle":15.25,"curve":[0.713,0,0.75,1]},{"time":0.8333,"angle":29.09,"curve":[0.954,0,0.971,0.47]},{"time":0.9333,"angle":5.86,"curve":[0.039,0.86,0.75,1]},{"time":1.7,"angle":42.43},{"time":1.7667,"angle":62.5,"curve":[0.561,0.15,0.192,0.91]},{"time":2.8,"angle":0}],"translate":[{"time":0,"x":0,"y":0,"curve":[0.907,0.03,0.75,1]},{"time":2.8333,"x":0,"y":0}],"scale":[{"time":0,"x":1,"y":1,"curve":"stepped"},{"time":2.8333,"x":1,"y":1}]},"bone8":{"rotate":[{"time":0,"angle":0,"curve":[0.907,0.03,0.75,1]},{"time":0.5,"angle":4.12,"curve":[0.713,0,0.75,1]},{"time":0.8333,"angle":32.18,"curve":[0.954,0,0.971,0.47]},{"time":0.9333,"angle":-3.96,"curve":[0.039,0.86,0.75,1]},{"time":1.7,"angle":12.73},{"time":1.7667,"angle":15.37,"curve":[0.561,0.15,0.192,0.91]},{"time":2.8,"angle":0}],"translate":[{"time":0,"x":0,"y":0,"curve":"stepped"},{"time":2.8333,"x":0,"y":0}],"scale":[{"time":0,"x":1,"y":1,"curve":"stepped"},{"time":2.8333,"x":1,"y":1}]},"horn_r":{"rotate":[{"time":0,"angle":0,"curve":"stepped"},{"time":0.5,"angle":0},{"time":0.8333,"angle":3.92,"curve":[0.954,0,0.971,0.47]},{"time":0.9333,"angle":3.78},{"time":1.7,"angle":23.28},{"time":2.8,"angle":0}],"translate":[{"time":0,"x":0,"y":0},{"time":1.7333,"x":-43.14,"y":73.26},{"time":2.8333,"x":0,"y":0}],"scale":[{"time":0,"x":1,"y":1,"curve":"stepped"},{"time":2.8333,"x":1,"y":1}]},"horn_l":{"rotate":[{"time":0,"angle":0,"curve":"stepped"},{"time":0.5,"angle":0},{"time":0.8333,"angle":3.92,"curve":[0.954,0,0.971,0.47]},{"time":0.9333,"angle":3.78},{"time":1.7,"angle":23.28},{"time":2.8,"angle":0}],"translate":[{"time":0,"x":0,"y":0},{"time":1.7333,"x":-43.14,"y":73.26},{"time":2.8333,"x":0,"y":0}],"scale":[{"time":0,"x":1,"y":1,"curve":"stepped"},{"time":2.8333,"x":1,"y":1}]},"effect_shiled":{"rotate":[{"time":0,"angle":0,"curve":"stepped"},{"time":2.8333,"angle":0}],"translate":[{"time":0,"x":0,"y":0,"curve":"stepped"},{"time":2.8333,"x":0,"y":0}],"scale":[{"time":0,"x":1,"y":1,"curve":"stepped"},{"time":2.8333,"x":1,"y":1}]},"effect_attack":{"rotate":[{"time":0.9333,"angle":22.18}],"translate":[{"time":0.9333,"x":-667.51,"y":-342.65},{"time":2.0333,"x":-687.51,"y":-312.65}],"scale":[{"time":0.9333,"x":1.04,"y":1.04},{"time":2.0333,"x":1.234,"y":1.234}]},"effect_attack3":{"translate":[{"time":1.1333,"x":0,"y":0},{"time":1.2,"x":-189.14,"y":20.27,"curve":[0.25,0,0.75,1]},{"time":1.9667,"x":-399.85,"y":20.27}],"scale":[{"time":1.1333,"x":1,"y":1},{"time":1.2,"x":1.492,"y":1.492,"curve":[0.25,0,0.75,1]},{"time":1.9667,"x":1.919,"y":1.919}]},"effect_attack2":{"translate":[{"time":1.3,"x":-270.2,"y":0},{"time":2.1333,"x":-457.61,"y":0}],"scale":[{"time":1.3,"x":1,"y":1},{"time":1.3667,"x":1.116,"y":1.116,"curve":[0.25,0,0.75,1]},{"time":2.1333,"x":1.427,"y":1.427}]},"fog_attack":{"translate":[{"time":0.9,"x":0,"y":0,"curve":[0,0.46,0,0.97]},{"time":0.9667,"x":-311.23,"y":-7.24,"curve":[0.637,0,0.625,0.92]},{"time":1.8333,"x":-1454.83,"y":21.71}],"scale":[{"time":0.9,"x":1,"y":1,"curve":[0,0.46,0,0.97]},{"time":0.9667,"x":1.597,"y":1.597,"curve":[0.637,0,0.625,0.92]},{"time":1.8333,"x":1.924,"y":1.924}]}}},"idle":{"slots":{"effect_shiled":{"color":[{"time":0,"color":"ffffff00"},{"time":0.3333,"color":"fffffffe"},{"time":1,"color":"ffffff00"}],"attachment":[{"time":0,"name":"effect_shiled"}]}},"bones":{"root":{"rotate":[{"time":0,"angle":0,"curve":"stepped"},{"time":1,"angle":0}],"translate":[{"time":0,"x":0,"y":0,"curve":"stepped"},{"time":1,"x":0,"y":0}],"scale":[{"time":0,"x":1,"y":1,"curve":"stepped"},{"time":1,"x":1,"y":1}]},"body_human":{"rotate":[{"time":0,"angle":0,"curve":"stepped"},{"time":1,"angle":0}],"translate":[{"time":0,"x":0,"y":0,"curve":[0.413,0,0.311,0.99]},{"time":0.5,"x":0,"y":-42.11,"curve":[0.652,0.03,0.447,1]},{"time":1,"x":0,"y":0}],"scale":[{"time":0,"x":1,"y":1,"curve":"stepped"},{"time":1,"x":1,"y":1}]},"human_face":{"rotate":[{"time":0,"angle":0,"curve":[0.25,0,0.539,1]},{"time":0.5,"angle":4.72,"curve":[0.485,0.02,0.75,1]},{"time":1,"angle":0}],"translate":[{"time":0,"x":0,"y":0},{"time":0.5,"x":-17.51,"y":2.4},{"time":1,"x":0,"y":0}],"scale":[{"time":0,"x":1,"y":1,"curve":"stepped"},{"time":1,"x":1,"y":1}]},"human_mouth":{"rotate":[{"time":0,"angle":0},{"time":0.5,"angle":9.29},{"time":1,"angle":0}],"translate":[{"time":0,"x":0,"y":0,"curve":"stepped"},{"time":1,"x":0,"y":0}],"scale":[{"time":0,"x":1,"y":1,"curve":"stepped"},{"time":1,"x":1,"y":1}]},"sheep_face":{"rotate":[{"time":0,"angle":0,"curve":[0.25,0,0.386,1.01]},{"time":0.5,"angle":-3.61,"curve":[0.703,0.03,0.75,1]},{"time":1,"angle":0}],"translate":[{"time":0,"x":0,"y":0},{"time":0.5,"x":-18.52,"y":-17.21,"curve":[0.703,0.03,0.75,1]},{"time":1,"x":0,"y":0}],"scale":[{"time":0,"x":1,"y":1,"curve":"stepped"},{"time":1,"x":1,"y":1}]},"sheep_mouth":{"rotate":[{"time":0,"angle":0},{"time":0.5,"angle":-7.87},{"time":1,"angle":0}],"translate":[{"time":0,"x":0,"y":0},{"time":0.5,"x":9.69,"y":2.47},{"time":1,"x":0,"y":0}],"scale":[{"time":0,"x":1,"y":1,"curve":"stepped"},{"time":1,"x":1,"y":1}]},"cow_face":{"rotate":[{"time":0,"angle":0,"curve":[0.655,0.02,0.75,1]},{"time":0.5,"angle":5.53,"curve":[0.856,0.01,0.75,1]},{"time":1,"angle":0}],"translate":[{"time":0,"x":0,"y":0,"curve":[0.655,0.02,0.75,1]},{"time":0.5,"x":-17.45,"y":16.76,"curve":[0.856,0.01,0.75,1]},{"time":1,"x":0,"y":0}],"scale":[{"time":0,"x":1,"y":1,"curve":"stepped"},{"time":1,"x":1,"y":1}]},"cow_hair":{"rotate":[{"time":0,"angle":0,"curve":"stepped"},{"time":1,"angle":0}],"translate":[{"time":0,"x":0,"y":0,"curve":"stepped"},{"time":1,"x":0,"y":0}],"scale":[{"time":0,"x":1,"y":1,"curve":"stepped"},{"time":1,"x":1,"y":1}]},"sholder_r":{"rotate":[{"time":0,"angle":0},{"time":0.5,"angle":2.42},{"time":1,"angle":0}],"translate":[{"time":0,"x":0,"y":0,"curve":"stepped"},{"time":1,"x":0,"y":0}],"scale":[{"time":0,"x":1,"y":1,"curve":"stepped"},{"time":1,"x":1,"y":1}]},"arm2_l":{"rotate":[{"time":0,"angle":0,"curve":[0.362,0.01,0.491,1]},{"time":0.5,"angle":-8.4,"curve":[0.468,0,0.587,1]},{"time":1,"angle":0}],"translate":[{"time":0,"x":0,"y":0,"curve":"stepped"},{"time":1,"x":0,"y":0}],"scale":[{"time":0,"x":1,"y":1,"curve":"stepped"},{"time":1,"x":1,"y":1}]},"arm1_l":{"rotate":[{"time":0,"angle":0,"curve":[0.362,0.01,0.491,1]},{"time":0.5,"angle":-3.42,"curve":[0.468,0,0.587,1]},{"time":1,"angle":0}],"translate":[{"time":0,"x":0,"y":0,"curve":"stepped"},{"time":1,"x":0,"y":0}],"scale":[{"time":0,"x":1,"y":1,"curve":"stepped"},{"time":1,"x":1,"y":1}]},"hand_l":{"rotate":[{"time":0,"angle":0},{"time":0.5,"angle":-6.19},{"time":1,"angle":0}],"translate":[{"time":0,"x":0,"y":0},{"time":0.5,"x":14.68,"y":-16.01},{"time":1,"x":0,"y":0}],"scale":[{"time":0,"x":1,"y":1,"curve":"stepped"},{"time":1,"x":1,"y":1}]},"wepon":{"rotate":[{"time":0,"angle":0,"curve":[0.362,0.01,0.491,1]},{"time":0.5,"angle":-2.73,"curve":[0.468,0,0.587,1]},{"time":1,"angle":0}],"translate":[{"time":0,"x":0,"y":0,"curve":"stepped"},{"time":1,"x":0,"y":0}],"scale":[{"time":0,"x":1,"y":1,"curve":"stepped"},{"time":1,"x":1,"y":1}]},"shoulder_l":{"rotate":[{"time":0,"angle":0,"curve":[0.25,0,0.75,1]},{"time":0.5,"angle":-5.89,"curve":[0.25,0,0.75,1]},{"time":1,"angle":0}],"translate":[{"time":0,"x":0,"y":0,"curve":"stepped"},{"time":1,"x":0,"y":0}],"scale":[{"time":0,"x":1,"y":1,"curve":"stepped"},{"time":1,"x":1,"y":1}]},"shleid":{"rotate":[{"time":0,"angle":0,"curve":[0.645,0.03,0.485,0.99]},{"time":0.5,"angle":-7.42,"curve":[0.795,0.17,0.515,0.9]},{"time":1,"angle":0}],"translate":[{"time":0,"x":0,"y":0,"curve":[0.645,0.03,0.825,0.7]},{"time":0.5,"x":29.98,"y":-19.89,"curve":[1,0.03,0.515,0.9]},{"time":1,"x":0,"y":0}],"scale":[{"time":0,"x":1,"y":1,"curve":"stepped"},{"time":1,"x":1,"y":1}]},"body_dragon":{"rotate":[{"time":0,"angle":0,"curve":"stepped"},{"time":1,"angle":0}],"translate":[{"time":0,"x":0,"y":0},{"time":0.5,"x":9.91,"y":-1.36},{"time":1,"x":0,"y":0}],"scale":[{"time":0,"x":1,"y":1,"curve":"stepped"},{"time":1,"x":1,"y":1}]},"leg2_front_r":{"rotate":[{"time":0,"angle":0,"curve":"stepped"},{"time":1,"angle":0}],"translate":[{"time":0,"x":0,"y":0,"curve":"stepped"},{"time":1,"x":0,"y":0}],"scale":[{"time":0,"x":1,"y":1,"curve":"stepped"},{"time":1,"x":1,"y":1}]},"leg1_front_r":{"rotate":[{"time":0,"angle":0,"curve":"stepped"},{"time":1,"angle":0}],"translate":[{"time":0,"x":0,"y":0,"curve":"stepped"},{"time":1,"x":0,"y":0}],"scale":[{"time":0,"x":1,"y":1,"curve":"stepped"},{"time":1,"x":1,"y":1}]},"foot_front_r":{"rotate":[{"time":0,"angle":0,"curve":"stepped"},{"time":1,"angle":0}],"translate":[{"time":0,"x":0,"y":0,"curve":"stepped"},{"time":1,"x":0,"y":0}],"scale":[{"time":0,"x":1,"y":1,"curve":"stepped"},{"time":1,"x":1,"y":1}]},"leg2_front_l":{"rotate":[{"time":0,"angle":0,"curve":"stepped"},{"time":1,"angle":0}],"translate":[{"time":0,"x":0,"y":0,"curve":"stepped"},{"time":1,"x":0,"y":0}],"scale":[{"time":0,"x":1,"y":1,"curve":"stepped"},{"time":1,"x":1,"y":1}]},"leg1_front_l":{"rotate":[{"time":0,"angle":0,"curve":"stepped"},{"time":1,"angle":0}],"translate":[{"time":0,"x":0,"y":0,"curve":"stepped"},{"time":1,"x":0,"y":0}],"scale":[{"time":0,"x":1,"y":1,"curve":"stepped"},{"time":1,"x":1,"y":1}]},"foot_front_l":{"rotate":[{"time":0,"angle":0,"curve":"stepped"},{"time":1,"angle":0}],"translate":[{"time":0,"x":0,"y":0,"curve":"stepped"},{"time":1,"x":0,"y":0}],"scale":[{"time":0,"x":1,"y":1,"curve":"stepped"},{"time":1,"x":1,"y":1}]},"leg3_back_r":{"rotate":[{"time":0,"angle":0,"curve":"stepped"},{"time":1,"angle":0}],"translate":[{"time":0,"x":0,"y":0,"curve":"stepped"},{"time":1,"x":0,"y":0}],"scale":[{"time":0,"x":1,"y":1,"curve":"stepped"},{"time":1,"x":1,"y":1}]},"leg2_back_r":{"rotate":[{"time":0,"angle":0,"curve":"stepped"},{"time":1,"angle":0}],"translate":[{"time":0,"x":0,"y":0,"curve":"stepped"},{"time":1,"x":0,"y":0}],"scale":[{"time":0,"x":1,"y":1,"curve":"stepped"},{"time":1,"x":1,"y":1}]},"leg1_back_r":{"rotate":[{"time":0,"angle":0,"curve":"stepped"},{"time":1,"angle":0}],"translate":[{"time":0,"x":0,"y":0,"curve":"stepped"},{"time":1,"x":0,"y":0}],"scale":[{"time":0,"x":1,"y":1,"curve":"stepped"},{"time":1,"x":1,"y":1}]},"foot_back_r":{"rotate":[{"time":0,"angle":0,"curve":"stepped"},{"time":1,"angle":0}],"translate":[{"time":0,"x":0,"y":0,"curve":"stepped"},{"time":1,"x":0,"y":0}],"scale":[{"time":0,"x":1,"y":1,"curve":"stepped"},{"time":1,"x":1,"y":1}]},"leg1_back_l":{"rotate":[{"time":0,"angle":0,"curve":"stepped"},{"time":1,"angle":0}],"translate":[{"time":0,"x":0,"y":0,"curve":"stepped"},{"time":1,"x":0,"y":0}],"scale":[{"time":0,"x":1,"y":1,"curve":"stepped"},{"time":1,"x":1,"y":1}]},"foot_back_l":{"rotate":[{"time":0,"angle":0,"curve":"stepped"},{"time":1,"angle":0}],"translate":[{"time":0,"x":0,"y":0,"curve":"stepped"},{"time":1,"x":0,"y":0}],"scale":[{"time":0,"x":1,"y":1,"curve":"stepped"},{"time":1,"x":1,"y":1}]},"tail":{"rotate":[{"time":0,"angle":0,"curve":[0.352,0.01,0.627,1]},{"time":0.5,"angle":1.63,"curve":[0.471,0,0.58,1]},{"time":1,"angle":0}],"translate":[{"time":0,"x":0,"y":0,"curve":"stepped"},{"time":1,"x":0,"y":0}],"scale":[{"time":0,"x":1,"y":1,"curve":"stepped"},{"time":1,"x":1,"y":1}]},"bone2":{"rotate":[{"time":0,"angle":0,"curve":[0.352,0.01,0.627,1]},{"time":0.5,"angle":-1.83,"curve":[0.471,0,0.58,1]},{"time":1,"angle":0}],"translate":[{"time":0,"x":0,"y":0,"curve":"stepped"},{"time":1,"x":0,"y":0}],"scale":[{"time":0,"x":1,"y":1,"curve":"stepped"},{"time":1,"x":1,"y":1}]},"bone3":{"rotate":[{"time":0,"angle":0,"curve":[0.352,0.01,0.627,1]},{"time":0.5,"angle":-1.6,"curve":[0.471,0,0.58,1]},{"time":1,"angle":0}],"translate":[{"time":0,"x":0,"y":0,"curve":"stepped"},{"time":1,"x":0,"y":0}],"scale":[{"time":0,"x":1,"y":1,"curve":"stepped"},{"time":1,"x":1,"y":1}]},"bone4":{"rotate":[{"time":0,"angle":0,"curve":[0.352,0.01,0.627,1]},{"time":0.5,"angle":-3.55,"curve":[0.471,0,0.58,1]},{"time":1,"angle":0}],"translate":[{"time":0,"x":0,"y":0,"curve":"stepped"},{"time":1,"x":0,"y":0}],"scale":[{"time":0,"x":1,"y":1,"curve":"stepped"},{"time":1,"x":1,"y":1}]},"bone5":{"rotate":[{"time":0,"angle":0,"curve":[0.352,0.01,0.627,1]},{"time":0.5,"angle":2.61,"curve":[0.471,0,0.58,1]},{"time":1,"angle":0}],"translate":[{"time":0,"x":0,"y":0,"curve":"stepped"},{"time":1,"x":0,"y":0}],"scale":[{"time":0,"x":1,"y":1,"curve":"stepped"},{"time":1,"x":1,"y":1}]},"bone6":{"rotate":[{"time":0,"angle":0,"curve":[0.352,0.01,0.627,1]},{"time":0.5,"angle":12.66,"curve":[0.471,0,0.58,1]},{"time":1,"angle":0}],"translate":[{"time":0,"x":0,"y":0,"curve":"stepped"},{"time":1,"x":0,"y":0}],"scale":[{"time":0,"x":1,"y":1,"curve":"stepped"},{"time":1,"x":1,"y":1}]},"bone7":{"rotate":[{"time":0,"angle":0,"curve":[0.352,0.01,0.627,1]},{"time":0.5,"angle":10.42,"curve":[0.471,0,0.58,1]},{"time":1,"angle":0}],"translate":[{"time":0,"x":0,"y":0,"curve":"stepped"},{"time":1,"x":0,"y":0}],"scale":[{"time":0,"x":1,"y":1,"curve":"stepped"},{"time":1,"x":1,"y":1}]},"bone8":{"rotate":[{"time":0,"angle":0,"curve":[0.352,0.01,0.627,1]},{"time":0.5,"angle":6.6,"curve":[0.471,0,0.58,1]},{"time":1,"angle":0}],"translate":[{"time":0,"x":0,"y":0,"curve":"stepped"},{"time":1,"x":0,"y":0}],"scale":[{"time":0,"x":1,"y":1,"curve":"stepped"},{"time":1,"x":1,"y":1}]},"horn_r":{"rotate":[{"time":0,"angle":0,"curve":[0.369,0,0.556,1]},{"time":0.5,"angle":6.92,"curve":[0.458,0.01,0.553,0.99]},{"time":1,"angle":0}],"translate":[{"time":0,"x":0,"y":0,"curve":[0.369,0,0.556,1]},{"time":0.5,"x":15.01,"y":-2.06,"curve":[0.458,0.01,0.553,0.99]},{"time":1,"x":0,"y":0}],"scale":[{"time":0,"x":1,"y":1,"curve":"stepped"},{"time":1,"x":1,"y":1}]},"horn_l":{"rotate":[{"time":0,"angle":0,"curve":[0.369,0,0.556,1]},{"time":0.5,"angle":-5.32,"curve":[0.458,0.01,0.553,0.99]},{"time":1,"angle":0}],"translate":[{"time":0,"x":0,"y":0,"curve":[0.369,0,0.556,1]},{"time":0.5,"x":16.04,"y":5.45,"curve":[0.458,0.01,0.553,0.99]},{"time":1,"x":0,"y":0}],"scale":[{"time":0,"x":1,"y":1,"curve":"stepped"},{"time":1,"x":1,"y":1}]},"effect_shiled":{"translate":[{"time":0,"x":0,"y":-69.83}],"scale":[{"time":0,"x":0.715,"y":0.715},{"time":0.3333,"x":1.211,"y":1.211},{"time":1,"x":1.391,"y":1.391}]}},"deform":{"default":{"body_dragon":{"body_dragon":[{"time":0},{"time":0.5,"vertices":[3.17627,-11.25703,0,0,-15.65295,-5.81918,0,0,-19.33743,-17.60974,0,0,-8.4364,-9.85939,1.93109,4.75146,2.09625,17.41879,0,0,9.49066,11.09155,1.41022,-3.34164,5.9841,-2.98581,7.05121,-16.7076,6.16199,-5.27275,0.35574,-4.57397,7.75012,-10.90132,14.0773,-3.50684,12.32385,-10.5455,6.33978,-7.55975]},{"time":1}]},"cow_face":{"cow_face":[{"time":0},{"time":0.5,"offset":14,"vertices":[9.33789,1.08826,0,0,9.04462,-1.17267,11.01306,-3.72699,6.67889,7.18103,0,0,-0.10504,8.06067,0,0,0,0,0,0,-10.21741,-7.87274,-12.18573,-5.31866]},{"time":1}]},"cow_hair":{"cow_hair":[{"time":0},{"time":0.5,"offset":8,"vertices":[-17.05005,-12.32159,0,0,-5.60419,-20.61255,-12.02612,-44.84528,-1.22614,-5.43011,-1.57776,9.86877,0,0,0,0,0,0,0,0,0,0,0,0,0.40857,1.81061],"curve":[0.134,0.46,0.849,0.69]},{"time":1}]},"human_body":{"human_body":[{"time":0},{"time":0.5,"offset":6,"vertices":[-8.70471,12.82239,-6.7356,10.22655,-6.06421,6.64612,0,0,0,0,0,0,0,0,0,0,0,0,-10.2265,-6.73576,-10.64783,-17.18875,-22.36688,-24.4795,0,0,0,0,0,0,-11.25592,2.70765,-9.13013,1.25314,-27.25195,-19.56065,-9.59991,-2.1707,-7.00415,-0.20136,-6.69101,2.08115]},{"time":1}]},"human_face":{"human_face":[{"time":0},{"time":0.5,"vertices":[-7.27185,13.43829,0,0,6.43872,0.58832,-1.29968,16.67039,0,0,0,0,11.28711,-8.37041,0,0,0,0,0,0,-0.78149,-11.04032,3.60193,-17.35533,0,0,0,0,-10.82025,5.72682,-11.84821,2.27506,0,0,9.08264,1.05388,14.71289,3.13534,7.83521,-7.34303,6.21906,-4.3565]},{"time":1}]},"human_mouth":{"human_mouth":[{"time":0},{"time":0.5,"vertices":[-1.43634,-2.76019,10.29346,6.62714,4.25702,0.78064,-8.94342,6.40692,0,0,-14.46936,-1.38135,0.59454,-6.27203,0,0,-4.84143,-23.09418,-5.14783,-3.31299,-10.97589,-19.44598,-0.86255,-0.83508,4.94775,4.79132,-7.02466,-4.06177,-2.8327,-8.22095,8.1001,13.92731]},{"time":1}]},"leg1_front_l":{"leg1_front_l":[{"time":0},{"time":0.5,"vertices":[32.83324,15.21649,34.59529,-0.41898,0,0,0,0,0,0,0,0,-6.48651,6.46616,-22.62328,21.92102,-17.25755,25.40448]},{"time":1}]},"leg2_front_l":{"leg2_front_l":[{"time":0},{"time":0.5,"vertices":[24.13183,1.76108,0,0,0,0,0,0,0.95276,6.49124,-3.13271,5.76434,0,0,0,0,2.44124,7.59473]},{"time":1}]},"sheep_face":{"sheep_face":[{"time":0},{"time":0.5,"offset":10,"vertices":[-4.3725,10.60316,-6.71606,6.65922,0,0,0,0,0,0,-0.77185,-3.54393,0,0,0,0,0,0,-4.28723,-9.45978,0,0,0,0,0,0,0,0,-3.88715,-11.03162,0,0,0,0,0,0,3.11517,7.48763,8.68805,-7.83104,6.65918,6.71598,0.05695,-13.37522,0,0,0,0,-1.60034,6.28757,-0.42853,8.25941]},{"time":1}]},"sheep_mouth":{"sheep_mouth":[{"time":0},{"time":0.5,"vertices":[14.51802,-2.22705,4.65976,-5.06378,0,0,4.92917,1.41852,11.41168,1.14911,11.68091,7.63141,11.54633,4.39014,10.06046,7.69879,8.37244,6.14557]},{"time":1}]}}}},"skill":{"slots":{"attack":{"attachment":[{"time":3.1,"name":null}]},"cow_face_glow":{"color":[{"time":0.9333,"color":"ffffff00"},{"time":1,"color":"fffffffe"},{"time":1.1,"color":"ffffff00"}],"attachment":[{"time":0.9333,"name":"cow_face_glow"}]},"effect_skill1":{"color":[{"time":1.7667,"color":"ffffff00"},{"time":1.8333,"color":"fffffffe"},{"time":3.3667,"color":"ffffff00"}],"attachment":[{"time":1.7667,"name":"effect_skill1"}]},"effect_skill2":{"color":[{"time":1.8,"color":"ffffff00"},{"time":1.8667,"color":"fffffffe"},{"time":3.4333,"color":"ffffff00"}],"attachment":[{"time":1.8,"name":"effect_skill2"}]},"fog":{"color":[{"time":1.7,"color":"ffffff00","curve":[0.392,0.01,0.995,0.51]},{"time":1.7667,"color":"fffffffe","curve":[0.392,0.01,0.995,0.51]},{"time":3.1667,"color":"ffffff00"}],"attachment":[{"time":1.7,"name":"fog"}]},"heart":{"color":[{"time":1.7,"color":"ffffff00"},{"time":1.8,"color":"fffffffe"},{"time":1.9,"color":"ffffff84"},{"time":3,"color":"ffffff00","curve":"stepped"},{"time":3.0333,"color":"ffffff00","curve":"stepped"},{"time":3.0667,"color":"ffffff00"},{"time":3.1333,"color":"fffffffe","curve":"stepped"},{"time":3.1667,"color":"fffffffe","curve":[0.56,0.04,0.379,0.99]},{"time":4.3,"color":"ffffff00"}],"attachment":[{"time":0.9667,"name":null},{"time":1.7,"name":"heart"},{"time":3.0667,"name":"heart_boom1"}]},"heart2":{"color":[{"time":3.0667,"color":"ffffff00"},{"time":3.1333,"color":"fffffffe"},{"time":4.3,"color":"ffffff00"}],"attachment":[{"time":3.0667,"name":"heart_boom2"},{"time":3.1667,"name":"heart_boom2"}]},"heart_glow":{"color":[{"time":1.2667,"color":"ffffff00","curve":[1,0.06,0.988,0.77]},{"time":1.7667,"color":"fffffffe"},{"time":3.2,"color":"ffffff00"}],"attachment":[{"time":1.2667,"name":"heart_glow"}]},"human_face_glow":{"color":[{"time":0.6667,"color":"ffffff00"},{"time":0.7667,"color":"fffffffe"},{"time":1,"color":"ffffff00"}],"attachment":[{"time":0.6667,"name":"human_face_glow"}]},"sheep_face_glow":{"color":[{"time":0.7333,"color":"ffffff00"},{"time":0.8,"color":"fffffffe"},{"time":1,"color":"ffffff00"}],"attachment":[{"time":0.7333,"name":"sheep_face_glow"}]},"shiled_glow":{"color":[{"time":1.1,"color":"ffffff00"},{"time":1.1667,"color":"fffffffe"},{"time":1.4333,"color":"ffffff00","curve":"stepped"},{"time":1.6667,"color":"ffffff00"}],"attachment":[{"time":1.1,"name":"shiled_glow"}]}},"bones":{"root":{"rotate":[{"time":0,"angle":0,"curve":"stepped"},{"time":4.3667,"angle":0}],"translate":[{"time":0,"x":0,"y":0,"curve":"stepped"},{"time":4.3667,"x":0,"y":0}],"scale":[{"time":0,"x":1,"y":1,"curve":"stepped"},{"time":4.3667,"x":1,"y":1}]},"body_human":{"rotate":[{"time":0,"angle":0,"curve":[0.641,0,0.75,1]},{"time":0.5,"angle":5.09,"curve":"stepped"},{"time":1.7,"angle":5.09,"curve":[0.25,0,0.75,1]},{"time":1.7667,"angle":-0.67,"curve":"stepped"},{"time":3.0333,"angle":-0.67,"curve":[0.25,0,0.75,1]},{"time":3.1,"angle":11.71,"curve":[0.791,0,0.75,1]},{"time":3.7,"angle":13.05,"curve":[0.791,0,0.75,1]},{"time":4.3667,"angle":0}],"translate":[{"time":0,"x":0,"y":0,"curve":[0.641,0,0.75,1]},{"time":0.5,"x":0,"y":-82.94,"curve":[0.669,0,0.451,1]},{"time":1.7,"x":0,"y":-101.49,"curve":[0.25,0,0.75,1]},{"time":1.7667,"x":12.29,"y":51.79,"curve":[0.754,0,0.451,1]},{"time":3.0333,"x":12.29,"y":62.91,"curve":[0.25,0,0.75,1]},{"time":3.1,"x":-63.19,"y":-34.56,"curve":[0.791,0,0.75,1]},{"time":3.7,"x":-81.02,"y":-47.93,"curve":[0.791,0,0.75,1]},{"time":4.3667,"x":0,"y":0}],"scale":[{"time":0,"x":1,"y":1,"curve":"stepped"},{"time":4.3667,"x":1,"y":1}]},"human_face":{"rotate":[{"time":0,"angle":0},{"time":0.5,"angle":10.45},{"time":1.7,"angle":14.95},{"time":1.7667,"angle":-0.7,"curve":"stepped"},{"time":3.0333,"angle":-0.7,"curve":"stepped"},{"time":3.1,"angle":-0.7,"curve":"stepped"},{"time":3.7,"angle":-0.7},{"time":4.3667,"angle":0}],"translate":[{"time":0,"x":0,"y":0},{"time":0.5,"x":-39.61,"y":5.92,"curve":"stepped"},{"time":1.7,"x":-39.61,"y":5.92},{"time":1.7667,"x":-7.64,"y":-47.74},{"time":3.0333,"x":2.28,"y":-48.99},{"time":3.1,"x":-17.16,"y":-44.3},{"time":3.7,"x":-26.84,"y":-41.79},{"time":4.3667,"x":0,"y":0}],"scale":[{"time":0,"x":1,"y":1,"curve":"stepped"},{"time":4.3667,"x":1,"y":1}]},"human_mouth":{"rotate":[{"time":0,"angle":0,"curve":"stepped"},{"time":4.3667,"angle":0}],"translate":[{"time":0,"x":0,"y":0,"curve":"stepped"},{"time":4.3667,"x":0,"y":0}],"scale":[{"time":0,"x":1,"y":1,"curve":"stepped"},{"time":4.3667,"x":1,"y":1}]},"sheep_face":{"rotate":[{"time":0,"angle":0},{"time":0.5,"angle":18.19},{"time":1.7,"angle":20.22},{"time":1.7667,"angle":0.34,"curve":"stepped"},{"time":3.0333,"angle":0.34},{"time":3.1,"angle":-4.85,"curve":"stepped"},{"time":3.7,"angle":-4.85},{"time":4.3667,"angle":0}],"translate":[{"time":0,"x":0,"y":0},{"time":0.5,"x":-43.91,"y":-40.36,"curve":"stepped"},{"time":1.7,"x":-43.91,"y":-40.36},{"time":1.7667,"x":-9.79,"y":-65.75},{"time":3.0333,"x":-1.11,"y":-76.92},{"time":3.1,"x":-20.56,"y":-72.23},{"time":3.7,"x":-30.24,"y":-69.72},{"time":4.3667,"x":0,"y":0}],"scale":[{"time":0,"x":1,"y":1,"curve":"stepped"},{"time":4.3667,"x":1,"y":1}]},"sheep_mouth":{"rotate":[{"time":0,"angle":0,"curve":"stepped"},{"time":4.3667,"angle":0}],"translate":[{"time":0,"x":0,"y":0,"curve":"stepped"},{"time":4.3667,"x":0,"y":0}],"scale":[{"time":0,"x":1,"y":1,"curve":"stepped"},{"time":4.3667,"x":1,"y":1}]},"cow_face":{"rotate":[{"time":0,"angle":0},{"time":0.5,"angle":11.45},{"time":1.7,"angle":14.69},{"time":1.7667,"angle":-0.46,"curve":"stepped"},{"time":3.0333,"angle":-0.46},{"time":3.1,"angle":4.3,"curve":"stepped"},{"time":3.7,"angle":4.3},{"time":4.3667,"angle":0}],"translate":[{"time":0,"x":0,"y":0},{"time":0.5,"x":-93.58,"y":59.26,"curve":"stepped"},{"time":1.7,"x":-93.58,"y":59.26},{"time":1.7667,"x":-26.87,"y":-7.86},{"time":3.0333,"x":-16.95,"y":-9.1},{"time":3.1,"x":-34.05,"y":5.3},{"time":3.7,"x":-43.73,"y":7.82},{"time":4.3667,"x":0,"y":0}],"scale":[{"time":0,"x":1,"y":1,"curve":"stepped"},{"time":4.3667,"x":1,"y":1}]},"cow_hair":{"rotate":[{"time":0,"angle":0,"curve":"stepped"},{"time":4.3667,"angle":0}],"translate":[{"time":0,"x":0,"y":0,"curve":"stepped"},{"time":4.3667,"x":0,"y":0}],"scale":[{"time":0,"x":1,"y":1,"curve":"stepped"},{"time":4.3667,"x":1,"y":1}]},"sholder_r":{"rotate":[{"time":0,"angle":0,"curve":"stepped"},{"time":4.3667,"angle":0}],"translate":[{"time":0,"x":0,"y":0,"curve":"stepped"},{"time":4.3667,"x":0,"y":0}],"scale":[{"time":0,"x":1,"y":1,"curve":"stepped"},{"time":4.3667,"x":1,"y":1}]},"arm2_l":{"rotate":[{"time":0,"angle":0},{"time":0.5,"angle":-328.71,"curve":"stepped"},{"time":1.7,"angle":-328.71},{"time":1.7667,"angle":-44.25},{"time":3.0333,"angle":-46.49},{"time":3.1,"angle":-90.41},{"time":3.7,"angle":-90.87,"curve":[0.789,0.02,0.898,0.47]},{"time":4.3667,"angle":0}],"translate":[{"time":0,"x":0,"y":0},{"time":3.1,"x":31.31,"y":19.16,"curve":"stepped"},{"time":3.7,"x":31.31,"y":19.16,"curve":[0.789,0.02,0.898,0.47]},{"time":4.3667,"x":0,"y":0}],"scale":[{"time":0,"x":1,"y":1,"curve":"stepped"},{"time":4.3667,"x":1,"y":1}]},"arm1_l":{"rotate":[{"time":0,"angle":0},{"time":0.5,"angle":-34.34,"curve":"stepped"},{"time":1.7,"angle":-34.34},{"time":1.7667,"angle":17.83},{"time":3.0333,"angle":15.58},{"time":3.1,"angle":25.33},{"time":3.7,"angle":27.07,"curve":[0.789,0.02,0.898,0.47]},{"time":4.3667,"angle":0}],"translate":[{"time":0,"x":0,"y":0,"curve":"stepped"},{"time":4.3667,"x":0,"y":0}],"scale":[{"time":0,"x":1,"y":1,"curve":"stepped"},{"time":4.3667,"x":1,"y":1}]},"hand_l":{"rotate":[{"time":0,"angle":0},{"time":3.0333,"angle":-2.25},{"time":3.1,"angle":22.74},{"time":3.7,"angle":24.8,"curve":[0.789,0.02,0.898,0.47]},{"time":4.3667,"angle":0}],"translate":[{"time":0,"x":0,"y":0},{"time":3.1,"x":0.32,"y":-22.25,"curve":"stepped"},{"time":3.7,"x":0.32,"y":-22.25,"curve":[0.789,0.02,0.898,0.47]},{"time":4.3667,"x":0,"y":0}],"scale":[{"time":0,"x":1,"y":1,"curve":"stepped"},{"time":4.3667,"x":1,"y":1}]},"wepon":{"rotate":[{"time":0,"angle":0},{"time":1.7667,"angle":13.76},{"time":3.0333,"angle":11.52,"curve":"stepped"},{"time":3.1,"angle":11.52,"curve":"stepped"},{"time":3.7,"angle":11.52,"curve":[0.789,0.02,0.898,0.47]},{"time":4.3667,"angle":0}],"translate":[{"time":0,"x":0,"y":0,"curve":"stepped"},{"time":4.3667,"x":0,"y":0}],"scale":[{"time":0,"x":1,"y":1,"curve":"stepped"},{"time":4.3667,"x":1,"y":1}]},"shoulder_l":{"rotate":[{"time":0,"angle":0,"curve":"stepped"},{"time":4.3667,"angle":0}],"translate":[{"time":0,"x":0,"y":0,"curve":"stepped"},{"time":4.3667,"x":0,"y":0}],"scale":[{"time":0,"x":1,"y":1,"curve":"stepped"},{"time":4.3667,"x":1,"y":1}]},"shleid":{"rotate":[{"time":0,"angle":0},{"time":0.5,"angle":-16.42},{"time":1.7,"angle":-20.24},{"time":1.7667,"angle":37.72},{"time":3.0333,"angle":41.38},{"time":3.1,"angle":7.39},{"time":3.7,"angle":5.14},{"time":4.3667,"angle":0}],"translate":[{"time":0,"x":0,"y":0},{"time":0.5,"x":-120.68,"y":-86.71},{"time":1.7,"x":-113.12,"y":-94.87},{"time":1.7667,"x":-29.83,"y":258.44},{"time":3.0333,"x":-37.33,"y":265.06},{"time":3.1,"x":-0.11,"y":-46.56},{"time":3.7,"x":-7.64,"y":-53.14},{"time":4.3667,"x":0,"y":0}],"scale":[{"time":0,"x":1,"y":1,"curve":"stepped"},{"time":4.3667,"x":1,"y":1}]},"body_dragon":{"rotate":[{"time":0,"angle":0,"curve":"stepped"},{"time":4.3667,"angle":0}],"translate":[{"time":0,"x":0,"y":0,"curve":"stepped"},{"time":4.3667,"x":0,"y":0}],"scale":[{"time":0,"x":1,"y":1,"curve":"stepped"},{"time":4.3667,"x":1,"y":1}]},"foot_front_r1":{"rotate":[{"time":0,"angle":0,"curve":"stepped"},{"time":4.3667,"angle":0}],"translate":[{"time":0,"x":0,"y":0,"curve":"stepped"},{"time":4.3667,"x":0,"y":0}],"scale":[{"time":0,"x":1,"y":1,"curve":"stepped"},{"time":4.3667,"x":1,"y":1}]},"leg2_front_r":{"rotate":[{"time":0,"angle":0,"curve":"stepped"},{"time":4.3667,"angle":0}],"translate":[{"time":0,"x":0,"y":0,"curve":"stepped"},{"time":4.3667,"x":0,"y":0}],"scale":[{"time":0,"x":1,"y":1,"curve":"stepped"},{"time":4.3667,"x":1,"y":1}]},"leg1_front_r":{"rotate":[{"time":0,"angle":0,"curve":"stepped"},{"time":4.3667,"angle":0}],"translate":[{"time":0,"x":0,"y":0,"curve":"stepped"},{"time":4.3667,"x":0,"y":0}],"scale":[{"time":0,"x":1,"y":1,"curve":"stepped"},{"time":4.3667,"x":1,"y":1}]},"foot_front_r2":{"rotate":[{"time":0,"angle":0,"curve":"stepped"},{"time":4.3667,"angle":0}],"translate":[{"time":0,"x":0,"y":0,"curve":"stepped"},{"time":4.3667,"x":0,"y":0}],"scale":[{"time":0,"x":1,"y":1,"curve":"stepped"},{"time":4.3667,"x":1,"y":1}]},"foot_front_r":{"rotate":[{"time":0,"angle":0,"curve":"stepped"},{"time":4.3667,"angle":0}],"translate":[{"time":0,"x":0,"y":0,"curve":"stepped"},{"time":4.3667,"x":0,"y":0}],"scale":[{"time":0,"x":1,"y":1,"curve":"stepped"},{"time":4.3667,"x":1,"y":1}]},"foot_front_l1":{"rotate":[{"time":0,"angle":0,"curve":"stepped"},{"time":4.3667,"angle":0}],"translate":[{"time":0,"x":0,"y":0,"curve":"stepped"},{"time":4.3667,"x":0,"y":0}],"scale":[{"time":0,"x":1,"y":1,"curve":"stepped"},{"time":4.3667,"x":1,"y":1}]},"leg2_front_l":{"rotate":[{"time":0,"angle":0,"curve":"stepped"},{"time":4.3667,"angle":0}],"translate":[{"time":0,"x":0,"y":0,"curve":"stepped"},{"time":4.3667,"x":0,"y":0}],"scale":[{"time":0,"x":1,"y":1,"curve":"stepped"},{"time":4.3667,"x":1,"y":1}]},"leg1_front_l":{"rotate":[{"time":0,"angle":0,"curve":"stepped"},{"time":4.3667,"angle":0}],"translate":[{"time":0,"x":0,"y":0,"curve":"stepped"},{"time":4.3667,"x":0,"y":0}],"scale":[{"time":0,"x":1,"y":1,"curve":"stepped"},{"time":4.3667,"x":1,"y":1}]},"foot_front_l2":{"rotate":[{"time":0,"angle":0,"curve":"stepped"},{"time":4.3667,"angle":0}],"translate":[{"time":0,"x":0,"y":0,"curve":"stepped"},{"time":4.3667,"x":0,"y":0}],"scale":[{"time":0,"x":1,"y":1,"curve":"stepped"},{"time":4.3667,"x":1,"y":1}]},"foot_front_l":{"rotate":[{"time":0,"angle":0,"curve":"stepped"},{"time":4.3667,"angle":0}],"translate":[{"time":0,"x":0,"y":0,"curve":"stepped"},{"time":4.3667,"x":0,"y":0}],"scale":[{"time":0,"x":1,"y":1,"curve":"stepped"},{"time":4.3667,"x":1,"y":1}]},"leg3_back_r":{"rotate":[{"time":0,"angle":0,"curve":"stepped"},{"time":4.3667,"angle":0}],"translate":[{"time":0,"x":0,"y":0,"curve":"stepped"},{"time":4.3667,"x":0,"y":0}],"scale":[{"time":0,"x":1,"y":1,"curve":"stepped"},{"time":4.3667,"x":1,"y":1}]},"foot_back_r1":{"rotate":[{"time":0,"angle":0,"curve":"stepped"},{"time":4.3667,"angle":0}],"translate":[{"time":0,"x":0,"y":0,"curve":"stepped"},{"time":4.3667,"x":0,"y":0}],"scale":[{"time":0,"x":1,"y":1,"curve":"stepped"},{"time":4.3667,"x":1,"y":1}]},"leg2_back_r":{"rotate":[{"time":0,"angle":0,"curve":"stepped"},{"time":4.3667,"angle":0}],"translate":[{"time":0,"x":0,"y":0,"curve":"stepped"},{"time":4.3667,"x":0,"y":0}],"scale":[{"time":0,"x":1,"y":1,"curve":"stepped"},{"time":4.3667,"x":1,"y":1}]},"leg1_back_r":{"rotate":[{"time":0,"angle":0,"curve":"stepped"},{"time":4.3667,"angle":0}],"translate":[{"time":0,"x":0,"y":0,"curve":"stepped"},{"time":4.3667,"x":0,"y":0}],"scale":[{"time":0,"x":1,"y":1,"curve":"stepped"},{"time":4.3667,"x":1,"y":1}]},"foot_back_r2":{"rotate":[{"time":0,"angle":0,"curve":"stepped"},{"time":4.3667,"angle":0}],"translate":[{"time":0,"x":0,"y":0,"curve":"stepped"},{"time":4.3667,"x":0,"y":0}],"scale":[{"time":0,"x":1,"y":1,"curve":"stepped"},{"time":4.3667,"x":1,"y":1}]},"foot_back_r":{"rotate":[{"time":0,"angle":0,"curve":"stepped"},{"time":4.3667,"angle":0}],"translate":[{"time":0,"x":0,"y":0,"curve":"stepped"},{"time":4.3667,"x":0,"y":0}],"scale":[{"time":0,"x":1,"y":1,"curve":"stepped"},{"time":4.3667,"x":1,"y":1}]},"foot_back_l1":{"rotate":[{"time":0,"angle":0,"curve":"stepped"},{"time":4.3667,"angle":0}],"translate":[{"time":0,"x":0,"y":0,"curve":"stepped"},{"time":4.3667,"x":0,"y":0}],"scale":[{"time":0,"x":1,"y":1,"curve":"stepped"},{"time":4.3667,"x":1,"y":1}]},"leg3_back_l":{"rotate":[{"time":0,"angle":0,"curve":"stepped"},{"time":4.3667,"angle":0}],"translate":[{"time":0,"x":0,"y":0,"curve":"stepped"},{"time":4.3667,"x":0,"y":0}],"scale":[{"time":0,"x":1,"y":1,"curve":"stepped"},{"time":4.3667,"x":1,"y":1}]},"foot_back_l2":{"rotate":[{"time":0,"angle":0,"curve":"stepped"},{"time":4.3667,"angle":0}],"translate":[{"time":0,"x":0,"y":0,"curve":"stepped"},{"time":4.3667,"x":0,"y":0}],"scale":[{"time":0,"x":1,"y":1,"curve":"stepped"},{"time":4.3667,"x":1,"y":1}]},"leg2_back_l":{"rotate":[{"time":0,"angle":0,"curve":"stepped"},{"time":4.3667,"angle":0}],"translate":[{"time":0,"x":0,"y":0,"curve":"stepped"},{"time":4.3667,"x":0,"y":0}],"scale":[{"time":0,"x":1,"y":1,"curve":"stepped"},{"time":4.3667,"x":1,"y":1}]},"leg1_back_l":{"rotate":[{"time":0,"angle":0,"curve":"stepped"},{"time":4.3667,"angle":0}],"translate":[{"time":0,"x":0,"y":0,"curve":"stepped"},{"time":4.3667,"x":0,"y":0}],"scale":[{"time":0,"x":1,"y":1,"curve":"stepped"},{"time":4.3667,"x":1,"y":1}]},"foot_back_l3":{"rotate":[{"time":0,"angle":0,"curve":"stepped"},{"time":4.3667,"angle":0}],"translate":[{"time":0,"x":0,"y":0,"curve":"stepped"},{"time":4.3667,"x":0,"y":0}],"scale":[{"time":0,"x":1,"y":1,"curve":"stepped"},{"time":4.3667,"x":1,"y":1}]},"foot_back_l":{"rotate":[{"time":0,"angle":0,"curve":"stepped"},{"time":4.3667,"angle":0}],"translate":[{"time":0,"x":0,"y":0,"curve":"stepped"},{"time":4.3667,"x":0,"y":0}],"scale":[{"time":0,"x":1,"y":1,"curve":"stepped"},{"time":4.3667,"x":1,"y":1}]},"tail":{"rotate":[{"time":0,"angle":0},{"time":1.7,"angle":0.42},{"time":3.0333,"angle":1.96},{"time":3.1,"angle":-24.54},{"time":3.7,"angle":-45.81},{"time":4.3667,"angle":0}],"translate":[{"time":0,"x":0,"y":0,"curve":"stepped"},{"time":4.3667,"x":0,"y":0}],"scale":[{"time":0,"x":1,"y":1,"curve":"stepped"},{"time":4.3667,"x":1,"y":1}]},"bone2":{"rotate":[{"time":0,"angle":0},{"time":1.7,"angle":1.23},{"time":3.0333,"angle":-6.75},{"time":3.1,"angle":-26},{"time":3.7,"angle":3.42},{"time":4.3667,"angle":0}],"translate":[{"time":0,"x":0,"y":0,"curve":"stepped"},{"time":4.3667,"x":0,"y":0}],"scale":[{"time":0,"x":1,"y":1,"curve":"stepped"},{"time":4.3667,"x":1,"y":1}]},"bone3":{"rotate":[{"time":0,"angle":0},{"time":1.7,"angle":1.69},{"time":3.0333,"angle":2.2},{"time":3.1,"angle":1.11},{"time":3.7,"angle":24.04},{"time":4.3667,"angle":0}],"translate":[{"time":0,"x":0,"y":0,"curve":"stepped"},{"time":4.3667,"x":0,"y":0}],"scale":[{"time":0,"x":1,"y":1,"curve":"stepped"},{"time":4.3667,"x":1,"y":1}]},"bone4":{"rotate":[{"time":0,"angle":0},{"time":1.7,"angle":3.91},{"time":3.0333,"angle":-1.45},{"time":3.1,"angle":13.12},{"time":3.7,"angle":7.16},{"time":4.3667,"angle":0}],"translate":[{"time":0,"x":0,"y":0,"curve":"stepped"},{"time":4.3667,"x":0,"y":0}],"scale":[{"time":0,"x":1,"y":1,"curve":"stepped"},{"time":4.3667,"x":1,"y":1}]},"bone5":{"rotate":[{"time":0,"angle":0},{"time":1.7,"angle":8.02},{"time":3.0333,"angle":-2.87},{"time":3.1,"angle":39.61},{"time":3.7,"angle":18.13},{"time":4.3667,"angle":0}],"translate":[{"time":0,"x":0,"y":0,"curve":"stepped"},{"time":4.3667,"x":0,"y":0}],"scale":[{"time":0,"x":1,"y":1,"curve":"stepped"},{"time":4.3667,"x":1,"y":1}]},"bone6":{"rotate":[{"time":0,"angle":0},{"time":1.7,"angle":19.32},{"time":3.0333,"angle":-22.63},{"time":3.1,"angle":46.71},{"time":3.7,"angle":35.06},{"time":4.3667,"angle":0}],"translate":[{"time":0,"x":0,"y":0,"curve":"stepped"},{"time":4.3667,"x":0,"y":0}],"scale":[{"time":0,"x":1,"y":1,"curve":"stepped"},{"time":4.3667,"x":1,"y":1}]},"bone7":{"rotate":[{"time":0,"angle":0},{"time":1.7,"angle":30.27},{"time":3.0333,"angle":-15.86},{"time":3.1,"angle":26.33},{"time":3.7,"angle":60.39},{"time":4.3667,"angle":0}],"translate":[{"time":0,"x":0,"y":0,"curve":"stepped"},{"time":4.3667,"x":0,"y":0}],"scale":[{"time":0,"x":1,"y":1,"curve":"stepped"},{"time":4.3667,"x":1,"y":1}]},"bone8":{"rotate":[{"time":0,"angle":0},{"time":1.7,"angle":29.42},{"time":3.0333,"angle":-10.33},{"time":3.1,"angle":48},{"time":3.7,"angle":34.14},{"time":4.3667,"angle":0}],"translate":[{"time":0,"x":0,"y":0,"curve":"stepped"},{"time":4.3667,"x":0,"y":0}],"scale":[{"time":0,"x":1,"y":1,"curve":"stepped"},{"time":4.3667,"x":1,"y":1}]},"horn_r":{"rotate":[{"time":0,"angle":0},{"time":1.7,"angle":3.21},{"time":4.3667,"angle":0}],"translate":[{"time":0,"x":0,"y":0},{"time":1.7,"x":-25.3,"y":5.8},{"time":4.3667,"x":0,"y":0}],"scale":[{"time":0,"x":1,"y":1,"curve":"stepped"},{"time":4.3667,"x":1,"y":1}]},"horn_l":{"rotate":[{"time":0,"angle":0},{"time":1.7,"angle":6.12},{"time":4.3667,"angle":0}],"translate":[{"time":0,"x":0,"y":0},{"time":1.7,"x":-42.85,"y":28.84},{"time":4.3667,"x":0,"y":0}],"scale":[{"time":0,"x":1,"y":1,"curve":"stepped"},{"time":4.3667,"x":1,"y":1}]},"effect_shiled":{"rotate":[{"time":0,"angle":0,"curve":"stepped"},{"time":4.3667,"angle":0}],"translate":[{"time":0,"x":0,"y":0,"curve":"stepped"},{"time":4.3667,"x":0,"y":0}],"scale":[{"time":0,"x":1,"y":1,"curve":"stepped"},{"time":4.3667,"x":1,"y":1}]},"glow_h":{"translate":[{"time":0.6667,"x":0,"y":0},{"time":0.7667,"x":-10.34,"y":-19.94},{"time":1,"x":-12.4,"y":-23.93}],"scale":[{"time":0.6667,"x":1,"y":1},{"time":0.7667,"x":1.503,"y":1.503},{"time":1,"x":1.595,"y":1.595}]},"glow_s":{"rotate":[{"time":0.7333,"angle":0}],"translate":[{"time":0.7333,"x":0,"y":0},{"time":0.8,"x":3.43,"y":15.34},{"time":1,"x":5.39,"y":24.11}],"scale":[{"time":0.7333,"x":1,"y":1},{"time":0.8,"x":1.493,"y":1.493},{"time":1,"x":1.724,"y":1.724}]},"glow_c":{"rotate":[{"time":0.9333,"angle":0}],"translate":[{"time":0.9333,"x":0,"y":0}],"scale":[{"time":0.9333,"x":1,"y":1},{"time":1,"x":1.401,"y":1.401},{"time":1.1,"x":1.71,"y":1.71}]},"glow":{"rotate":[{"time":1.1,"angle":0}],"translate":[{"time":1.1,"x":0,"y":0}],"scale":[{"time":1.1,"x":1,"y":1},{"time":1.1667,"x":1.633,"y":1.633},{"time":1.4333,"x":1.981,"y":1.981,"curve":"stepped"},{"time":1.6667,"x":1.981,"y":1.981}]},"heart":{"rotate":[{"time":3.0667,"angle":0}],"translate":[{"time":1.7,"x":0,"y":0},{"time":1.8,"x":-2895.84,"y":0},{"time":3,"x":-3368.46,"y":0,"curve":"stepped"},{"time":3.0667,"x":-3368.46,"y":0}],"scale":[{"time":1.7,"x":0.37,"y":0.37},{"time":1.8,"x":2.06,"y":2.06},{"time":3,"x":2.364,"y":2.364,"curve":"stepped"},{"time":3.0667,"x":2.364,"y":2.364},{"time":3.1667,"x":3.766,"y":3.766,"curve":[0.56,0.04,0.379,0.99]},{"time":4.3,"x":5.098,"y":5.098}]},"fog":{"scale":[{"time":1.7667,"x":1,"y":1},{"time":1.8333,"x":1.526,"y":1.526},{"time":3.3667,"x":1.972,"y":1.972}]},"fog2":{"scale":[{"time":1.8,"x":1,"y":1},{"time":1.8667,"x":1.563,"y":1.563},{"time":3.4333,"x":1.957,"y":1.957}]},"heart_glow":{"scale":[{"time":1.2667,"x":0.517,"y":0.517,"curve":[1,0.06,0.988,0.77]},{"time":1.7667,"x":2.305,"y":2.305},{"time":3.1333,"x":2.334,"y":2.334},{"time":3.2,"x":3.185,"y":3.185}]},"heart2":{"translate":[{"time":3.0667,"x":-3218.12,"y":300.67},{"time":3.1333,"x":-3218.12,"y":565.97},{"time":4.3,"x":-3218.12,"y":707.47}],"scale":[{"time":3.0667,"x":3.986,"y":3.986},{"time":3.1333,"x":6.351,"y":6.351},{"time":4.3,"x":7.606,"y":7.606}]},"fog_attack":{"translate":[{"time":1.7,"x":854.08,"y":-50.67}],"scale":[{"time":1.7,"x":1,"y":1,"curve":[0.392,0.01,0.995,0.51]},{"time":1.7667,"x":1.579,"y":1.579,"curve":[0.392,0.01,0.995,0.51]},{"time":3.1667,"x":2.036,"y":2.036}]}}}}}