{"skeleton":{"hash":"E5TMcqTg4Y7lth3QmOhAwJke3hc","spine":"3.6.38","width":1700.3,"height":1219.29,"images":""},"bones":[{"name":"root","scaleX":-1},{"name":"body","parent":"root","length":342.07,"rotation":103.06,"x":-6.25,"y":399.58,"color":"ff3f00ff"},{"name":"arm2_left","parent":"body","length":110.06,"rotation":167.59,"x":285.57,"y":72.24},{"name":"arm1_left","parent":"arm2_left","length":148.49,"rotation":-45.66,"x":117.48,"y":-15.27},{"name":"arm2_right","parent":"body","length":176.63,"rotation":-141.08,"x":306.18,"y":-129.93},{"name":"arm1_right","parent":"arm2_right","length":222.08,"rotation":-56.55,"x":192.7,"y":6.14},{"name":"l1","parent":"root","x":-201.75,"y":52.96,"color":"ff3f00ff"},{"name":"leg2_left","parent":"body","length":174.02,"rotation":132.9,"x":30.5,"y":58.7},{"name":"leg1_left","parent":"leg2_left","length":212.15,"rotation":23.73,"x":180.99,"y":7.76},{"name":"l2","parent":"root","x":-251.87,"y":2.84,"color":"ff3f00ff"},{"name":"foot_left","parent":"leg1_left","length":59.99,"rotation":-37.26,"x":223.24,"y":-4.41},{"name":"bone","parent":"foot_left","x":-1600.89,"y":-341.19},{"name":"tail","parent":"body","length":68.95,"rotation":-149.91,"x":26.89,"y":-105.56,"color":"9c0005ff"},{"name":"bone3","parent":"tail","length":58.43,"rotation":14.3,"x":77.03,"y":2.48,"color":"9c0005ff"},{"name":"bone4","parent":"bone3","length":59.32,"rotation":0.54,"x":58.43,"color":"9c0005ff"},{"name":"bone5","parent":"bone4","length":52.03,"rotation":4.41,"x":60.21,"y":0.56,"color":"9c0005ff"},{"name":"bone6","parent":"bone5","length":61.11,"rotation":5.43,"x":52.92,"y":2.83,"color":"9c0005ff"},{"name":"bone7","parent":"bone6","length":52.91,"rotation":14.2,"x":63.23,"y":3.13,"color":"9c0005ff"},{"name":"bone8","parent":"bone7","length":52.66,"rotation":13.68,"x":56.92,"y":1.62,"color":"9c0005ff"},{"name":"bone9","parent":"bone8","length":55.43,"rotation":9.64,"x":53.08,"y":4.17,"color":"9c0005ff"},{"name":"bone10","parent":"bone9","length":50.23,"rotation":8.01,"x":65.63,"y":1.55,"color":"9c0005ff"},{"name":"bone11","parent":"bone10","length":56.83,"rotation":-0.57,"x":57.38,"y":-1.95,"color":"9c0005ff"},{"name":"bone12","parent":"bone11","length":52.03,"rotation":-13.51,"x":68.12,"y":-0.19,"color":"9c0005ff"},{"name":"effect_attack1","parent":"root","x":-690.41,"y":605.68},{"name":"effect_skill1","parent":"root","length":1563.78,"rotation":12.42,"x":-45.17,"y":21.68},{"name":"effect_skill2","parent":"root","length":966.34,"rotation":10.57,"x":136.64,"y":-5.59},{"name":"effect_skill3","parent":"root","length":1065.68,"rotation":24.71,"x":-317.88,"y":12.59},{"name":"hand_left","parent":"arm1_left","length":95.18,"rotation":-21.5,"x":154.75,"y":4.47},{"name":"wepon","parent":"hand_left","length":627.43,"rotation":3.74,"x":78.94,"y":7.06},{"name":"effect_wepon","parent":"wepon","x":456,"y":-12.41},{"name":"effect_wepon2","parent":"wepon","x":501.61,"y":16.79},{"name":"effect_wepon_glow","parent":"wepon","x":456,"y":-12.41},{"name":"face","parent":"body","length":222.93,"rotation":12.48,"x":334.11,"y":68.77},{"name":"eye light","parent":"face","x":91.65,"y":15.36},{"name":"fog1","parent":"root","x":-500.33,"y":26.99},{"name":"r1","parent":"root","x":207.8,"y":52.96,"color":"ff3f00ff"},{"name":"leg2_right","parent":"body","length":169.25,"rotation":-173.41,"x":10.55,"y":-49.65},{"name":"leg1_right","parent":"leg2_right","length":227.56,"rotation":8.91,"x":178.44,"y":-0.6},{"name":"r2","parent":"root","x":219.26,"y":4.28,"color":"ff3f00ff"},{"name":"foot_right","parent":"leg1_right","length":44.18,"rotation":-15.32,"x":235.94,"y":-3.12},{"name":"hair1","parent":"face","length":359.18,"rotation":149.81,"x":262.73,"y":-42.86},{"name":"hair2","parent":"face","length":189.86,"rotation":156.36,"x":147.3,"y":-169.96},{"name":"wing1_left","parent":"body","length":381.73,"rotation":-3.93,"x":347.04,"y":19.54},{"name":"wing1_right","parent":"body","length":375.11,"rotation":-38.85,"x":325.61,"y":-135.74},{"name":"wing2_left","parent":"wing1_left","length":793.9,"rotation":-147.57,"x":391.11,"y":-24.95},{"name":"wing2_right","parent":"wing1_right","length":730.32,"rotation":-112.15,"x":436.25,"y":21.88}],"slots":[{"name":"arm2_left","bone":"arm2_left","attachment":"arm2_left"},{"name":"wepon","bone":"wepon","attachment":"wepon"},{"name":"hand_left","bone":"hand_left","attachment":"hand_left"},{"name":"arm1_left","bone":"arm1_left","attachment":"arm1_left"},{"name":"wing1_left","bone":"wing1_left","attachment":"wing2_left"},{"name":"wing2_left","bone":"wing2_left","attachment":"wing1_left"},{"name":"wing1_right","bone":"wing1_right","attachment":"wing2_right"},{"name":"wing2_right","bone":"wing2_right","attachment":"wing1_right"},{"name":"foot_left","bone":"foot_left","attachment":"foot_left"},{"name":"foot_right","bone":"foot_right","attachment":"foot_right"},{"name":"tail","bone":"tail","attachment":"tail"},{"name":"leg2_left","bone":"leg2_left","attachment":"leg2_left"},{"name":"leg2_right","bone":"leg2_right","attachment":"leg2_right"},{"name":"leg1_left","bone":"leg1_left","attachment":"leg1_left"},{"name":"leg1_right","bone":"leg1_right","attachment":"leg1_right"},{"name":"body","bone":"body","attachment":"body"},{"name":"hair2","bone":"hair2","attachment":"hair2"},{"name":"face","bone":"face","attachment":"face"},{"name":"hair_1","bone":"hair1","attachment":"hair_1"},{"name":"arm2_right","bone":"arm2_right","attachment":"arm2_right"},{"name":"arm1_right","bone":"arm1_right","attachment":"arm1_right"},{"name":"eye light","bone":"eye light","attachment":"eye light"},{"name":"effect_attack1","bone":"effect_attack1"},{"name":"fog1","bone":"fog1"},{"name":"effect_wepon","bone":"effect_wepon"},{"name":"effect_wepon_glow","bone":"effect_wepon_glow","color":"ffffff90"},{"name":"effect_skill1","bone":"effect_skill1"},{"name":"effect_skill2","bone":"effect_skill2"},{"name":"effect_skill3","bone":"effect_skill3"},{"name":"effect_wepon2","bone":"effect_wepon2"}],"ik":[{"name":"l1","order":0,"bones":["leg2_left","leg1_left"],"target":"l1"},{"name":"l2","order":1,"bones":["foot_left"],"target":"l2"},{"name":"r1","order":2,"bones":["leg2_right","leg1_right"],"target":"r1"},{"name":"r2","order":3,"bones":["foot_right"],"target":"r2"}],"skins":{"default":{"arm1_left":{"arm1_left":{"x":38.46,"y":-0.89,"rotation":135,"width":259,"height":201}},"arm1_right":{"arm1_right":{"x":53.11,"y":-13.52,"rotation":94.57,"width":139,"height":432}},"arm2_left":{"arm2_left":{"x":65.99,"y":18.22,"rotation":89.34,"width":139,"height":216}},"arm2_right":{"arm2_right":{"type":"mesh","uvs":[0,0.24423,0.24987,0.36285,0.62425,0.43239,1,0.38739,1,0.24423,0.77948,0.15833,0.50554,0,0.13116,0,0,0.09288],"triangles":[0,8,7,1,7,6,0,7,1,5,4,3,2,6,5,2,5,3,1,6,2],"vertices":[39.47,-77.72,110.74,-88.56,188.07,-67.11,234.43,-5.62,195.46,44.23,137.67,47.25,51.84,68.97,-6.56,23.31,-1.73,-25.02],"hull":9,"edges":[0,2,2,4,4,6,6,8,8,10,10,12,12,14,14,16,0,16],"width":198,"height":442}},"body":{"body":{"type":"mesh","uvs":[0.57974,0.05102,0.81437,0.1011,0.99723,0.14676,0.84542,0.21598,0.95238,0.27195,0.91788,0.40156,1,0.46931,1,0.55621,1,0.62986,0.91443,0.66815,0.71086,0.6873,0.49693,0.65931,0.31406,0.62249,0.1657,0.54885,0.28301,0.46342,0.32787,0.40893,0.1864,0.33381,0.02078,0.25133,0,0.14528,0.1519,0.01125,0.34512,0,0.41757,0.31614,0.65565,0.28962,0.51073,0.5297,0.76951,0.53854,0.6384,0.46784],"triangles":[3,1,2,17,18,19,22,0,1,22,1,3,21,20,0,21,0,22,16,19,20,16,20,21,17,19,16,5,3,4,15,16,21,25,21,22,15,21,25,5,25,22,5,22,3,23,15,25,14,15,23,24,25,5,23,25,24,24,5,6,24,6,7,12,14,23,13,14,12,9,24,7,11,12,23,8,9,7,10,23,24,10,24,9,11,23,10],"vertices":[419.7,-80.03,359.63,-152.56,307.39,-207.83,263,-141.58,208.47,-168.34,105.09,-131.64,42.92,-147.48,-28.27,-130.96,-88.61,-116.96,-113.03,-79.75,-112.2,-4.92,-71.91,64.57,-26.91,121.52,45.46,159.4,105.93,102.14,146.93,76.09,219.95,111.28,300.96,153.52,389.52,140.63,487,62.03,480.54,-7.68,215.67,27.08,218.07,-61.21,33.15,35.1,4.91,-53.72,73.47,-21.3],"hull":21,"edges":[0,2,2,4,4,6,6,8,8,10,10,12,12,14,14,16,16,18,18,20,20,22,22,24,24,26,26,28,28,30,30,32,32,34,34,36,36,38,38,40,0,40,30,50,50,10,28,46,46,48,48,12],"width":359,"height":841}},"effect_attack1":{"effect_attack1":{"x":177.41,"y":-76.03,"rotation":0.73,"width":1335,"height":168}},"effect_skill1":{"effect_skill1":{"x":474.18,"y":39.84,"rotation":-33.59,"width":934,"height":698}},"effect_skill2":{"effect_skill2":{"x":542.24,"y":-17.96,"rotation":-39.76,"width":856,"height":894}},"effect_skill3":{"effect_skill3":{"x":446.62,"y":24.66,"rotation":-47.63,"width":818,"height":1002}},"effect_wepon":{"effect_wepon":{"x":10.26,"y":11.69,"rotation":152.76,"width":649,"height":647}},"effect_wepon2":{"effect_wepon2":{"x":-44.73,"y":-23.01,"rotation":152.76,"width":1335,"height":52}},"effect_wepon_glow":{"effect_wepon":{"x":10.26,"y":11.69,"scaleX":2.247,"scaleY":2.247,"rotation":152.76,"width":649,"height":647}},"eye light":{"eye light":{"x":45.16,"y":-49.55,"rotation":-115.55,"width":183,"height":253}},"face":{"face":{"type":"mesh","uvs":[0.99463,0.20863,0.87684,0.39694,0.74807,0.6933,0.60858,0.71491,0.71052,0.77974,0.50127,0.88161,0.41006,1,0.14179,1,0.07204,0.88161,0,0.789,0,0.56673,0.23837,0.28272,0.2491,0,0.47444,0.18085,0.79636,0.24259,0.47981,0.51734,0.3725,0.789,0.30275,0.67004],"triangles":[11,12,13,1,14,0,15,13,14,15,14,1,11,13,15,17,10,11,15,17,11,2,15,1,3,15,2,16,17,15,3,16,15,9,10,17,8,9,17,8,17,16,5,16,3,5,3,4,7,8,16,6,16,5,7,16,6],"vertices":[200.83,-252.98,135.2,-184.62,24.32,-92.94,31.44,-54.44,-8.03,-66.2,-26.86,5.66,-66.51,52.01,-35.16,117.6,23.3,110.6,71.08,109.41,165.53,64.26,258.36,-51.71,377.25,-111.76,274.06,-130.12,210.2,-196.29,130.44,-63.09,27.54,18.33,86.24,11.22],"hull":15,"edges":[0,2,2,4,4,6,6,8,8,10,10,12,12,14,14,16,16,18,18,20,20,22,22,24,24,26,26,28,0,28,28,30,30,6],"width":271,"height":471}},"fog1":{"fog1":{"x":46.46,"y":139.39,"width":999,"height":533}},"foot_left":{"foot_left":{"x":27.85,"y":-22.03,"rotation":137.56,"width":223,"height":87}},"foot_right":{"foot_right":{"x":13.33,"y":12.46,"rotation":76.76,"width":164,"height":78}},"hair2":{"hair2":{"type":"mesh","uvs":[0.70346,0,0.2755,0.27507,0,0.71623,0.36721,0.97447,0.99386,1,0.74931,0.80769,1,0.61401,1,0.26969],"triangles":[1,0,7,7,5,1,6,5,7,3,2,1,5,3,1,3,5,4],"vertices":[-39.62,19.24,27.86,-20.69,137.28,-48.6,202.88,-18.45,211.09,36.45,162.33,16.54,114.67,40.2,28.64,43.07],"hull":8,"edges":[0,2,2,4,4,6,6,8,8,10,10,12,12,14,0,14],"width":88,"height":250}},"hair_1":{"hair_1":{"type":"mesh","uvs":[0.99475,0.01419,0.98877,0.2549,0.9521,0.55782,0.80983,0.80453,0.77834,1,0.27972,0.65221,0.06452,0.39068,0,0,0.3532,0.17801,0.59463,0.06018,0.3532,0.26998,0.29021,0.36194],"triangles":[1,9,0,7,8,6,10,11,8,11,6,8,9,1,10,5,6,11,2,5,1,10,8,9,1,5,10,10,5,11,3,5,2,4,5,3],"vertices":[-41.28,31.3,62.29,37.66,193.15,39.3,301.87,14.16,386.45,13.57,246.57,-115.86,138.34,-175.61,-28.26,-204.42,41.46,-115.13,-13.78,-62.45,80.97,-111.92,121.68,-123.52],"hull":10,"edges":[6,8,10,12,12,14,14,16,16,18,0,18,16,20,22,20,22,12,0,2,10,2,8,10,2,4,4,6],"width":236,"height":431}},"hand_left":{"hand_left":{"x":33.95,"y":11.45,"rotation":156.5,"width":147,"height":114}},"leg1_left":{"leg1_left":{"x":71.06,"y":19.35,"rotation":100.3,"width":253,"height":327}},"leg1_right":{"leg1_right":{"type":"mesh","uvs":[0.67557,0,0.54284,0.12013,0.35926,0.19392,0.04578,0.08959,0,0.37713,0.08814,0.5985,0.45529,0.77662,0.41857,0.97001,0.56543,1,0.86197,0.98528,1,0.87586,0.94669,0.71046,0.87326,0.26771,0.72358,0.18629],"triangles":[1,0,13,4,3,2,5,4,2,13,12,11,2,1,13,11,2,13,6,2,11,5,2,6,9,6,11,9,11,10,8,7,6,9,8,6],"vertices":[-26.65,106.52,-12.01,57.3,-16.33,2.59,-85.01,-57.47,-14.46,-110.09,55.96,-121.03,151.28,-58.79,197.96,-95.61,225.1,-64.74,259.89,8.5,248.78,57.44,197.81,68.62,70.4,115.15,29.19,91.05],"hull":14,"edges":[0,2,2,4,4,6,6,8,8,10,10,12,12,14,14,16,16,18,18,20,20,22,22,24,24,26,0,26,4,22],"width":273,"height":303}},"leg2_left":{"leg2_left":{"type":"mesh","uvs":[0.3539,1,0.66549,0.70889,1,0.41606,1,0.06466,0.66549,0,0.36256,0,0.12887,0.24873,0,0.66706,0,0.95989],"triangles":[4,3,2,1,4,2,5,4,1,6,5,1,7,6,1,0,8,7,1,0,7],"vertices":[196.87,45.28,110.81,63.48,21.84,85.33,-39.31,44.03,-12.55,-19.84,21.87,-70.8,91.7,-80.88,179.15,-53.39,230.1,-18.97],"hull":9,"edges":[0,2,2,4,4,6,6,8,8,10,10,12,12,14,14,16,0,16],"width":203,"height":210}},"leg2_right":{"leg2_right":{"type":"mesh","uvs":[0.71465,0.00697,0.8641,0.19124,0.96684,0.60164,1,0.94923,0.92948,1,0.62125,0.94923,0.35038,0.65189,0.10753,0.24987,0.08885,0.14936,0.52317,0],"triangles":[7,8,9,6,7,9,1,6,9,1,9,0,2,5,6,2,6,1,4,5,2,3,4,2],"vertices":[55.3,53.34,101.86,67.02,190.79,56.1,262.64,37.16,268.29,20.84,238.31,-30.97,161.27,-58.39,65.02,-73.27,43.66,-69.43,41.6,19.4],"hull":10,"edges":[0,2,2,4,4,6,6,8,8,10,10,12,12,14,14,16,16,18,0,18],"width":191,"height":213}},"tail":{"tail":{"type":"mesh","uvs":[0,0.09699,0,0.28677,0.04607,0.48806,0.11107,0.63758,0.19074,0.78711,0.26622,0.89638,0.36476,0.99414,0.47379,1,0.58281,1,0.69603,1,0.80505,1,0.88263,0.91363,0.94553,0.78711,1,0.59733,0.91827,0.4708,0.82392,0.48231,0.70651,0.60883,0.66458,0.76986,0.587,0.83887,0.46959,0.83312,0.37524,0.71235,0.30186,0.55707,0.2138,0.39604,0.1509,0.26377,0.08172,0.09699],"triangles":[12,16,13,13,16,15,13,15,14,11,10,17,11,17,12,17,16,12,18,17,9,10,9,17,8,18,9,8,7,18,6,19,7,7,19,18,6,5,19,5,20,19,5,4,20,4,21,20,4,3,21,21,3,22,3,2,22,2,23,22,2,1,23,1,24,23,1,0,24],"vertices":[2,12,-70.64,-10.45,1,18,-352.71,247.34,0,2,12,-35.12,-43.75,1,18,-357.56,198.89,0,2,12,22.97,-55.07,1,18,-331.23,145.89,0,4,12,80.49,-48.15,0.60941,13,-9.15,-49.92,0.38897,14,-68.05,-49.28,0.00162,18,-290.77,104.43,0,4,13,56.75,-52.03,0.53894,14,-2.18,-52.01,0.45691,15,-66.24,-47.62,0.00415,18,-240.33,61.97,0,5,13,114.85,-47.23,0.00948,14,55.96,-47.76,0.58321,15,-7.95,-47.85,0.40359,16,-65.39,-44.69,0.00372,18,-191.74,29.76,0,3,15,62.97,-38.24,0.4084,16,6.12,-41.84,0.59158,18,-127.19,-1.16,2.0E-5,2,16,75.63,-15.09,0.2361,17,7.56,-20.71,0.7639,1,18,20.85,-17.43,1,4,19,39.18,-36.37,0.98151,20,-31.47,-33.86,0.01121,21,-88.52,-32.8,0.00727,22,-144.69,-68.3,0,3,19,110.99,-56.08,0.00514,20,36.89,-63.38,0.33561,21,-19.87,-61.64,0.65925,3,20,94.06,-64.64,0.00239,21,37.31,-62.32,0.91999,22,-15.44,-67.61,0.07762,2,21,89.12,-49.91,0.24173,22,32.03,-43.44,0.75827,2,20,198.88,-24.11,1.0E-5,22,76.36,-2.8,0.99999,2,21,102.45,29.91,0.00581,22,26.35,37.29,0.99419,3,20,99.83,49.85,0.14595,21,41.93,52.22,0.71661,22,-37.71,44.85,0.13744,2,19,71.87,55.66,0.04088,20,13.72,52.72,0.95912,2,19,33.64,24.58,0.84624,20,-28.47,27.27,0.15376,2,18,27.7,22.21,0.92763,19,-22,22.04,0.07237,2,16,57.3,22.31,0.45411,17,-1.04,20.05,0.54589,3,14,94.82,30.56,0.0143,15,36.81,27.26,0.79094,16,-13.72,25.85,0.19475,4,13,89.91,37.09,0.04976,14,31.82,36.79,0.89287,15,-25.52,38.31,0.05737,18,-159.11,111.41,0,4,12,84.61,44.17,0.03369,13,17.64,38.53,0.95262,14,-40.43,38.91,0.01369,18,-214.96,157.29,0,3,12,31.2,35.36,0.89939,13,-36.29,43.17,0.10061,18,-254.43,194.34,0,2,12,-31.42,29.29,1,18,-297.32,240.36,0],"hull":25,"edges":[0,2,2,4,4,6,6,8,8,10,10,12,12,14,14,16,16,18,18,20,20,22,22,24,24,26,26,28,28,30,30,32,32,34,34,36,36,38,38,40,40,42,42,44,44,46,46,48,0,48],"width":683,"height":249}},"wepon":{"wepon":{"x":306.15,"y":6.03,"rotation":152.76,"width":580,"height":321}},"wing1_left":{"wing2_left":{"type":"mesh","uvs":[0.02938,0.06672,0.20616,0,0.46453,0,0.7705,0.08973,1,0.40849,1,0.7897,0.82489,1,0.60052,1,0.32175,0.75684,0.12457,0.79627,0,0.55638,0.16537,0.27376],"triangles":[11,0,1,2,11,1,3,11,2,8,3,4,3,8,11,10,11,8,8,4,5,9,10,8,7,8,5,6,7,5],"vertices":[352.68,80.18,377.54,33.05,368.02,-26.13,314.23,-89.38,154.71,-117.65,-25.95,-88.6,-119.16,-32.46,-110.9,18.93,14.61,64.26,3.18,112.43,121.46,122.68,249.31,63.26],"hull":12,"edges":[0,2,2,4,4,6,6,8,8,10,10,12,12,14,14,16,16,18,18,20,20,22,0,22],"width":232,"height":480}},"wing1_right":{"wing2_right":{"type":"mesh","uvs":[0.37512,0.01031,0.38298,0.10051,0.44195,0.32166,0.29649,0.55153,0,0.65629,0,0.7494,0.19821,0.84834,0.44981,0.84834,0.57955,0.64465,0.64245,0.85707,0.83115,1,0.93337,1,0.84688,0.68248,1,0.81633,1,0.69121,0.91764,0.36822,0.84295,0.11215,0.71321,0,0.55989,0],"triangles":[1,0,18,2,1,18,17,8,18,18,8,2,8,17,12,15,12,17,3,2,8,16,15,17,12,15,14,6,5,4,12,14,13,3,6,4,7,3,8,6,3,7,9,8,12,10,9,12,11,10,12],"vertices":[363.68,113.87,323.7,91.27,232.19,22.44,103.25,20.88,6.84,98.11,-35.75,77.53,-48.58,-11.44,-7.43,-96.62,106.96,-95.53,20.09,-163.77,-14.42,-259.24,2.3,-293.85,133.39,-194.39,97.21,-275.81,154.44,-248.16,288.71,-148.9,393.62,-67.02,423.7,1.68,398.62,53.59],"hull":19,"edges":[0,2,2,4,4,6,6,8,8,10,10,12,12,14,14,16,16,18,18,20,20,22,22,24,24,26,26,28,28,30,30,32,32,34,34,36,0,36,16,36,24,34],"width":376,"height":508}},"wing2_left":{"wing1_left":{"x":392.9,"y":-43.26,"rotation":48.43,"width":689,"height":774}},"wing2_right":{"wing1_right":{"type":"mesh","uvs":[0,0.21195,0.13072,0.18038,0.29576,0.45316,0.65836,0.73947,0.91093,1,1,1,0.95594,0.69663,0.95844,0.57941,1,0.41258,0.89843,0.32692,0.7934,0.35622,0.49582,0.12177,0.23074,0,0.0707,0,0,0.07894,0.50832,0.29085],"triangles":[14,12,15,1,14,15,0,14,1,11,10,15,13,12,14,11,15,12,2,1,15,8,10,9,7,10,8,6,10,7,15,10,6,3,15,6,2,15,3,4,3,6,4,6,5],"vertices":[-11.56,-172.12,32.96,-85,275.32,-142.98,621.42,-102.19,898.88,-106.61,942.03,-58.8,740.06,80.56,671.48,144.88,592.28,256.83,492.08,248.34,458.65,176.21,174.91,142.46,-25.99,65.61,-103.51,-20.29,-90.76,-100.65,281.64,58.33],"hull":15,"edges":[0,2,2,4,4,6,6,8,8,10,10,12,12,14,14,16,16,18,18,20,20,22,22,24,24,26,26,28,0,28,28,30,30,12],"width":723,"height":802}}}},"animations":{"attack":{"slots":{"effect_attack1":{"color":[{"time":0.9333,"color":"ffffff00","curve":[0,0.9,0.239,0.99]},{"time":1.0333,"color":"fffffffe","curve":[0,0.88,0.75,1]},{"time":1.6,"color":"ffffff00"}],"attachment":[{"time":0.9333,"name":"effect_attack1"},{"time":1,"name":"effect_attack1"}]},"eye light":{"color":[{"time":0,"color":"fffffffe","curve":[0.341,0,0.77,1]},{"time":0.8667,"color":"ffffff68","curve":"stepped"},{"time":1.2667,"color":"ffffff68"},{"time":2.1333,"color":"fffffffe"}]},"fog1":{"color":[{"time":0.8667,"color":"ffffff00","curve":[0.796,0,0.889,0.45]},{"time":1,"color":"fffffffe"},{"time":2.0333,"color":"ffffff00"}],"attachment":[{"time":0.8667,"name":"fog1"}]}},"bones":{"root":{"rotate":[{"time":0,"angle":0,"curve":"stepped"},{"time":2.1333,"angle":0}],"translate":[{"time":0,"x":0,"y":0,"curve":"stepped"},{"time":2.1333,"x":0,"y":0}],"scale":[{"time":0,"x":1,"y":1,"curve":"stepped"},{"time":2.1333,"x":1,"y":1}]},"body":{"rotate":[{"time":0,"angle":0,"curve":[0.341,0,0.77,1]},{"time":0.8333,"angle":4.73,"curve":[0.865,0,1,0.29]},{"time":1.3,"angle":4.95,"curve":[0.341,0,0.77,1]},{"time":1.3667,"angle":2.82},{"time":1.4667,"angle":-8.07,"curve":[0.341,0,0.77,1]},{"time":1.8,"angle":-4,"curve":[0.341,0,0.77,1]},{"time":2.1333,"angle":0}],"translate":[{"time":0,"x":0,"y":0,"curve":[0.341,0,0.77,1]},{"time":0.8333,"x":30.85,"y":-86.32,"curve":[0.865,0,1,0.29]},{"time":0.9667,"x":-140.85,"y":-148.95},{"time":1.3,"x":-161.97,"y":-177.1,"curve":[0.341,0,0.77,1]},{"time":1.3667,"x":-84.87,"y":-89.13},{"time":1.8,"x":-11.53,"y":-20.39,"curve":[0.341,0,0.77,1]},{"time":2.1333,"x":0,"y":0}],"scale":[{"time":0,"x":1,"y":1,"curve":"stepped"},{"time":2.1333,"x":1,"y":1}]},"face":{"rotate":[{"time":0,"angle":0,"curve":[0.341,0,0.77,1]},{"time":0.8333,"angle":-0.83,"curve":[0.865,0,1,0.29]},{"time":0.9667,"angle":-7.89,"curve":"stepped"},{"time":1.3,"angle":-7.89,"curve":[0.341,0,0.77,1]},{"time":1.4667,"angle":14.59,"curve":[0.341,0,0.77,1]},{"time":2.1333,"angle":0}],"translate":[{"time":0,"x":0,"y":0,"curve":[0.341,0,0.77,1]},{"time":0.8333,"x":-7.77,"y":-27.28,"curve":[0.865,0,1,0.29]},{"time":2.1333,"x":0,"y":0}],"scale":[{"time":0,"x":1,"y":1,"curve":"stepped"},{"time":2.1333,"x":1,"y":1}]},"hair1":{"rotate":[{"time":0,"angle":0,"curve":"stepped"},{"time":2.1333,"angle":0}],"translate":[{"time":0,"x":0,"y":0,"curve":"stepped"},{"time":2.1333,"x":0,"y":0}],"scale":[{"time":0,"x":1,"y":1,"curve":"stepped"},{"time":2.1333,"x":1,"y":1}]},"hair2":{"rotate":[{"time":0,"angle":0,"curve":"stepped"},{"time":2.1333,"angle":0}],"translate":[{"time":0,"x":0,"y":0,"curve":"stepped"},{"time":2.1333,"x":0,"y":0}],"scale":[{"time":0,"x":1,"y":1,"curve":"stepped"},{"time":2.1333,"x":1,"y":1}]},"arm2_right":{"rotate":[{"time":0,"angle":0,"curve":[0.341,0,0.77,1]},{"time":0.8333,"angle":304.77,"curve":[0.865,0,1,0.29]},{"time":0.9667,"angle":8.68,"curve":"stepped"},{"time":1.3,"angle":8.68,"curve":[0.341,0,0.77,1]},{"time":1.3667,"angle":-10.75},{"time":2.1333,"angle":0}],"translate":[{"time":0,"x":0,"y":0,"curve":[0.341,0,0.77,1]},{"time":0.8333,"x":-3.83,"y":-40.12,"curve":[0.865,0,1,0.29]},{"time":0.9667,"x":-7.02,"y":-0.66,"curve":"stepped"},{"time":1.3,"x":-7.02,"y":-0.66,"curve":"stepped"},{"time":1.3667,"x":-7.02,"y":-0.66},{"time":2.1333,"x":0,"y":0}],"scale":[{"time":0,"x":1,"y":1,"curve":"stepped"},{"time":2.1333,"x":1,"y":1}]},"arm1_right":{"rotate":[{"time":0,"angle":0,"curve":[0.341,0,0.77,1]},{"time":0.8333,"angle":3.05,"curve":[0.865,0,1,0.29]},{"time":0.9667,"angle":15.48,"curve":"stepped"},{"time":1.3,"angle":15.48,"curve":[0.341,0,0.77,1]},{"time":1.3667,"angle":-21.95},{"time":2.1333,"angle":0}],"translate":[{"time":0,"x":0,"y":0,"curve":"stepped"},{"time":2.1333,"x":0,"y":0}],"scale":[{"time":0,"x":1,"y":1,"curve":"stepped"},{"time":2.1333,"x":1,"y":1}]},"arm2_left":{"rotate":[{"time":0,"angle":0,"curve":[0.341,0,0.77,1]},{"time":0.8333,"angle":-283.38,"curve":[0.865,0,1,0.29]},{"time":0.9667,"angle":-76.19,"curve":[1,0.01,0.512,0.95]},{"time":1.3,"angle":-78.93,"curve":[0.341,0,0.77,1]},{"time":1.3667,"angle":-330.98},{"time":2.1333,"angle":0}],"translate":[{"time":0,"x":0,"y":0,"curve":[0.341,0,0.77,1]},{"time":0.8333,"x":3.3,"y":11.94,"curve":[0.865,0,1,0.29]},{"time":0.9667,"x":19.64,"y":84.65,"curve":"stepped"},{"time":1.3,"x":19.64,"y":84.65,"curve":[0.341,0,0.77,1]},{"time":1.3667,"x":-11.12,"y":-9.93},{"time":2.1333,"x":0,"y":0}],"scale":[{"time":0,"x":1,"y":1,"curve":"stepped"},{"time":2.1333,"x":1,"y":1}]},"arm1_left":{"rotate":[{"time":0,"angle":0,"curve":[0.341,0,0.77,1]},{"time":0.8333,"angle":-61.05,"curve":[0.865,0,1,0.29]},{"time":0.9667,"angle":37.31,"curve":[1,0.01,0.512,0.95]},{"time":1.3,"angle":40.76,"curve":[0.341,0,0.77,1]},{"time":1.3667,"angle":-52.89},{"time":1.4667,"angle":-34.83,"curve":[0.341,0,0.77,1]},{"time":2.1333,"angle":0}],"translate":[{"time":0,"x":0,"y":0,"curve":[0.341,0,0.77,1]},{"time":0.9,"x":14.4,"y":25.53},{"time":0.9667,"x":4.37,"y":52.66,"curve":[1,0.01,0.512,0.95]},{"time":2.1333,"x":0,"y":0}],"scale":[{"time":0,"x":1,"y":1,"curve":"stepped"},{"time":2.1333,"x":1,"y":1}]},"hand_left":{"rotate":[{"time":0,"angle":0,"curve":[0.341,0,0.77,1]},{"time":0.8333,"angle":-43.26,"curve":[0.865,0,1,0.29]},{"time":0.9667,"angle":6.56,"curve":"stepped"},{"time":1.3,"angle":6.56,"curve":[0.341,0,0.77,1]},{"time":1.3667,"angle":355.88}],"translate":[{"time":0,"x":0,"y":0,"curve":[0.341,0,0.77,1]},{"time":0.8333,"x":24.32,"y":134.7,"curve":[0.865,0,1,0.29]},{"time":0.9667,"x":15.69,"y":6.56}],"scale":[{"time":0,"x":1,"y":1}]},"wepon":{"rotate":[{"time":0,"angle":0,"curve":[0.341,0,0.77,1]},{"time":0.8333,"angle":-3.52,"curve":[0.865,0,1,0.29]},{"time":0.9667,"angle":2.79,"curve":"stepped"},{"time":1.3,"angle":2.79,"curve":"stepped"},{"time":1.3667,"angle":2.79},{"time":2.1333,"angle":0}],"translate":[{"time":0,"x":0,"y":0,"curve":"stepped"},{"time":2.1333,"x":0,"y":0}],"scale":[{"time":0,"x":1,"y":1,"curve":"stepped"},{"time":2.1333,"x":1,"y":1}]},"r1":{"rotate":[{"time":0,"angle":0,"curve":"stepped"},{"time":2.1333,"angle":0}],"translate":[{"time":0,"x":0,"y":0,"curve":"stepped"},{"time":2.1333,"x":0,"y":0}],"scale":[{"time":0,"x":1,"y":1,"curve":"stepped"},{"time":2.1333,"x":1,"y":1}]},"leg2_right":{"rotate":[{"time":0,"angle":0,"curve":"stepped"},{"time":2.1333,"angle":0}],"translate":[{"time":0,"x":0,"y":0,"curve":"stepped"},{"time":2.1333,"x":0,"y":0}],"scale":[{"time":0,"x":1,"y":1,"curve":"stepped"},{"time":2.1333,"x":1,"y":1}]},"leg1_right":{"rotate":[{"time":0,"angle":0,"curve":"stepped"},{"time":2.1333,"angle":0}],"translate":[{"time":0,"x":0,"y":0,"curve":"stepped"},{"time":2.1333,"x":0,"y":0}],"scale":[{"time":0,"x":1,"y":1,"curve":"stepped"},{"time":2.1333,"x":1,"y":1}]},"r2":{"rotate":[{"time":0,"angle":0,"curve":"stepped"},{"time":2.1333,"angle":0}],"translate":[{"time":0,"x":0,"y":0,"curve":"stepped"},{"time":2.1333,"x":0,"y":0}],"scale":[{"time":0,"x":1,"y":1,"curve":"stepped"},{"time":2.1333,"x":1,"y":1}]},"foot_right":{"rotate":[{"time":0,"angle":0,"curve":"stepped"},{"time":2.1333,"angle":0}],"translate":[{"time":0,"x":0,"y":0,"curve":"stepped"},{"time":2.1333,"x":0,"y":0}],"scale":[{"time":0,"x":1,"y":1,"curve":"stepped"},{"time":2.1333,"x":1,"y":1}]},"l1":{"rotate":[{"time":0,"angle":0,"curve":"stepped"},{"time":0.8333,"angle":0,"curve":"stepped"},{"time":2.1333,"angle":0}],"translate":[{"time":0,"x":0,"y":0,"curve":"stepped"},{"time":0.8333,"x":0,"y":0,"curve":"stepped"},{"time":2.1333,"x":0,"y":0}],"scale":[{"time":0,"x":1,"y":1,"curve":"stepped"},{"time":0.8333,"x":1,"y":1,"curve":"stepped"},{"time":2.1333,"x":1,"y":1}]},"leg2_left":{"rotate":[{"time":0,"angle":0,"curve":[0.341,0,0.77,1]},{"time":0.8333,"angle":-32.61,"curve":[0.865,0,1,0.29]},{"time":0.9667,"angle":-41.28},{"time":1.3,"angle":-44.24,"curve":[0.341,0,0.77,1]},{"time":1.3667,"angle":-41.76},{"time":1.4667,"angle":-16.63,"curve":[0.341,0,0.77,1]},{"time":2.1333,"angle":0}],"translate":[{"time":0,"x":0,"y":0,"curve":"stepped"},{"time":0.8333,"x":0,"y":0,"curve":"stepped"},{"time":2.1333,"x":0,"y":0}],"scale":[{"time":0,"x":1,"y":1,"curve":"stepped"},{"time":0.8333,"x":1,"y":1,"curve":"stepped"},{"time":2.1333,"x":1,"y":1}]},"leg1_left":{"rotate":[{"time":0,"angle":0,"curve":[0.341,0,0.77,1]},{"time":0.8333,"angle":33.1,"curve":"stepped"},{"time":0.9667,"angle":33.1},{"time":1.3,"angle":39.72,"curve":"stepped"},{"time":1.3667,"angle":39.72},{"time":1.4667,"angle":13.09,"curve":[0.341,0,0.77,1]},{"time":2.1333,"angle":0}],"translate":[{"time":0,"x":0,"y":0,"curve":"stepped"},{"time":0.8333,"x":0,"y":0,"curve":"stepped"},{"time":0.9667,"x":0,"y":0,"curve":"stepped"},{"time":2.1333,"x":0,"y":0}],"scale":[{"time":0,"x":1,"y":1,"curve":"stepped"},{"time":0.8333,"x":1,"y":1,"curve":"stepped"},{"time":0.9667,"x":1,"y":1,"curve":"stepped"},{"time":2.1333,"x":1,"y":1}]},"l2":{"rotate":[{"time":0,"angle":0,"curve":"stepped"},{"time":0.8333,"angle":0,"curve":"stepped"},{"time":2.1333,"angle":0}],"translate":[{"time":0,"x":0,"y":0,"curve":"stepped"},{"time":0.8333,"x":0,"y":0,"curve":"stepped"},{"time":2.1333,"x":0,"y":0}],"scale":[{"time":0,"x":1,"y":1,"curve":"stepped"},{"time":0.8333,"x":1,"y":1,"curve":"stepped"},{"time":2.1333,"x":1,"y":1}]},"foot_left":{"rotate":[{"time":0,"angle":0,"curve":"stepped"},{"time":0.8333,"angle":0,"curve":[0.865,0,1,0.29]},{"time":0.9667,"angle":-3.72},{"time":1.3,"angle":-1.76,"curve":"stepped"},{"time":1.3667,"angle":-1.76},{"time":1.4667,"angle":7.24,"curve":[0.341,0,0.77,1]},{"time":2.1333,"angle":0}],"translate":[{"time":0,"x":0,"y":0,"curve":"stepped"},{"time":0.8333,"x":0,"y":0,"curve":"stepped"},{"time":2.1333,"x":0,"y":0}],"scale":[{"time":0,"x":1,"y":1,"curve":"stepped"},{"time":0.8333,"x":1,"y":1,"curve":"stepped"},{"time":2.1333,"x":1,"y":1}]},"wing1_right":{"rotate":[{"time":0,"angle":0,"curve":[0.341,0,0.77,1]},{"time":0.8333,"angle":13.14,"curve":[0.865,0,1,0.29]},{"time":0.9667,"angle":32.45,"curve":"stepped"},{"time":1.3,"angle":32.45,"curve":[0.341,0,0.77,1]},{"time":1.4333,"angle":35.94,"curve":[0.146,0.47,0.381,1]},{"time":2.1333,"angle":0}],"translate":[{"time":0,"x":0,"y":0,"curve":"stepped"},{"time":2.1333,"x":0,"y":0}],"scale":[{"time":0,"x":1,"y":1,"curve":"stepped"},{"time":2.1333,"x":1,"y":1}]},"wing2_right":{"rotate":[{"time":0,"angle":0,"curve":[0.341,0,0.77,1]},{"time":0.8333,"angle":-17.71,"curve":[0.865,0,1,0.29]},{"time":0.9667,"angle":18.14,"curve":"stepped"},{"time":1.3,"angle":18.14,"curve":[0.341,0,0.77,1]},{"time":1.4333,"angle":24.92,"curve":[0.146,0.47,0.381,1]},{"time":2.1333,"angle":0}],"translate":[{"time":0,"x":0,"y":0,"curve":"stepped"},{"time":2.1333,"x":0,"y":0}],"scale":[{"time":0,"x":1,"y":1,"curve":"stepped"},{"time":2.1333,"x":1,"y":1}]},"wing1_left":{"rotate":[{"time":0,"angle":0,"curve":[0.341,0,0.77,1]},{"time":0.8333,"angle":19.39,"curve":[0.865,0,1,0.29]},{"time":0.9667,"angle":31.49,"curve":"stepped"},{"time":1.3,"angle":31.49,"curve":[0.341,0,0.77,1]},{"time":1.4333,"angle":39.92},{"time":2.1333,"angle":0}],"translate":[{"time":0,"x":0,"y":0,"curve":"stepped"},{"time":0.8333,"x":0,"y":0,"curve":"stepped"},{"time":2.1333,"x":0,"y":0}],"scale":[{"time":0,"x":1,"y":1,"curve":"stepped"},{"time":0.8333,"x":1,"y":1,"curve":"stepped"},{"time":2.1333,"x":1,"y":1}]},"wing2_left":{"rotate":[{"time":0,"angle":0,"curve":[0.341,0,0.77,1]},{"time":0.8333,"angle":-15.91,"curve":[0.865,0,1,0.29]},{"time":0.9667,"angle":19.99,"curve":"stepped"},{"time":1.3,"angle":19.99,"curve":[0.341,0,0.77,1]},{"time":1.4333,"angle":26.34,"curve":[0.146,0.47,0.381,1]},{"time":2.1333,"angle":0}],"translate":[{"time":0,"x":0,"y":0,"curve":"stepped"},{"time":2.1333,"x":0,"y":0}],"scale":[{"time":0,"x":1,"y":1,"curve":"stepped"},{"time":2.1333,"x":1,"y":1}]},"tail":{"rotate":[{"time":0,"angle":0,"curve":[0.341,0,0.77,1]},{"time":0.8333,"angle":3.91,"curve":[0.865,0,1,0.29]},{"time":0.9667,"angle":42.49,"curve":[0.343,0.25,0.676,0.59]},{"time":1.4667,"angle":30.31,"curve":[0.341,0,0.77,1]},{"time":2.1333,"angle":0}],"translate":[{"time":0,"x":0,"y":0,"curve":"stepped"},{"time":2.1333,"x":0,"y":0}],"scale":[{"time":0,"x":1,"y":1,"curve":"stepped"},{"time":2.1333,"x":1,"y":1}]},"bone3":{"rotate":[{"time":0,"angle":0,"curve":[0.341,0,0.77,1]},{"time":0.8333,"angle":3.41,"curve":[0.865,0,1,0.29]},{"time":0.9667,"angle":-8.12,"curve":[0.343,0.25,0.676,0.59]},{"time":1.4667,"angle":-4.22,"curve":[0.341,0,0.77,1]},{"time":2.1333,"angle":0}],"translate":[{"time":0,"x":0,"y":0,"curve":"stepped"},{"time":2.1333,"x":0,"y":0}],"scale":[{"time":0,"x":1,"y":1,"curve":"stepped"},{"time":2.1333,"x":1,"y":1}]},"bone4":{"rotate":[{"time":0,"angle":0,"curve":[0.341,0,0.77,1]},{"time":0.8333,"angle":4.55,"curve":[0.865,0,1,0.29]},{"time":0.9667,"angle":-1.16,"curve":[0.343,0.25,0.676,0.59]},{"time":1.4667,"angle":0.46,"curve":[0.341,0,0.77,1]},{"time":2.1333,"angle":0}],"translate":[{"time":0,"x":0,"y":0,"curve":"stepped"},{"time":2.1333,"x":0,"y":0}],"scale":[{"time":0,"x":1,"y":1,"curve":"stepped"},{"time":2.1333,"x":1,"y":1}]},"bone5":{"rotate":[{"time":0,"angle":0,"curve":[0.341,0,0.77,1]},{"time":0.8333,"angle":4.79,"curve":[0.865,0,1,0.29]},{"time":0.9667,"angle":-6.18,"curve":[0.343,0.25,0.676,0.59]},{"time":1.4667,"angle":-3.1,"curve":[0.341,0,0.77,1]},{"time":2.1333,"angle":0}],"translate":[{"time":0,"x":0,"y":0,"curve":"stepped"},{"time":2.1333,"x":0,"y":0}],"scale":[{"time":0,"x":1,"y":1,"curve":"stepped"},{"time":2.1333,"x":1,"y":1}]},"bone6":{"rotate":[{"time":0,"angle":0,"curve":[0.341,0,0.77,1]},{"time":0.8333,"angle":6.99,"curve":[0.865,0,1,0.29]},{"time":0.9667,"angle":-5.6,"curve":[0.343,0.25,0.676,0.59]},{"time":1.4667,"angle":-1.83,"curve":[0.341,0,0.77,1]},{"time":2.1333,"angle":0}],"translate":[{"time":0,"x":0,"y":0,"curve":"stepped"},{"time":2.1333,"x":0,"y":0}],"scale":[{"time":0,"x":1,"y":1,"curve":"stepped"},{"time":2.1333,"x":1,"y":1}]},"bone7":{"rotate":[{"time":0,"angle":0,"curve":[0.341,0,0.77,1]},{"time":0.8333,"angle":7.44,"curve":[0.865,0,1,0.29]},{"time":0.9667,"angle":-13.3,"curve":[0.343,0.25,0.676,0.59]},{"time":1.4667,"angle":-6.83,"curve":[0.341,0,0.77,1]},{"time":2.1333,"angle":0}],"translate":[{"time":0,"x":0,"y":0,"curve":"stepped"},{"time":2.1333,"x":0,"y":0}],"scale":[{"time":0,"x":1,"y":1,"curve":"stepped"},{"time":2.1333,"x":1,"y":1}]},"bone8":{"rotate":[{"time":0,"angle":0,"curve":[0.341,0,0.77,1]},{"time":0.8333,"angle":7.59,"curve":[0.865,0,1,0.29]},{"time":0.9667,"angle":-16.23,"curve":[0.343,0.25,0.676,0.59]},{"time":1.4667,"angle":-8.99,"curve":[0.341,0,0.77,1]},{"time":2.1333,"angle":0}],"translate":[{"time":0,"x":0,"y":0,"curve":"stepped"},{"time":2.1333,"x":0,"y":0}],"scale":[{"time":0,"x":1,"y":1,"curve":"stepped"},{"time":2.1333,"x":1,"y":1}]},"bone9":{"rotate":[{"time":0,"angle":0,"curve":[0.341,0,0.77,1]},{"time":0.8333,"angle":13.95,"curve":[0.865,0,1,0.29]},{"time":0.9667,"angle":-6.23,"curve":[0.343,0.25,0.676,0.59]},{"time":1.4667,"angle":-0.23,"curve":[0.341,0,0.77,1]},{"time":2.1333,"angle":0}],"translate":[{"time":0,"x":0,"y":0,"curve":"stepped"},{"time":2.1333,"x":0,"y":0}],"scale":[{"time":0,"x":1,"y":1,"curve":"stepped"},{"time":2.1333,"x":1,"y":1}]},"bone10":{"rotate":[{"time":0,"angle":0,"curve":[0.341,0,0.77,1]},{"time":0.8333,"angle":21.87,"curve":[0.865,0,1,0.29]},{"time":0.9667,"angle":-4.89,"curve":[0.343,0.25,0.676,0.59]},{"time":1.4667,"angle":3.12,"curve":[0.341,0,0.77,1]},{"time":2.1333,"angle":0}],"translate":[{"time":0,"x":0,"y":0,"curve":"stepped"},{"time":2.1333,"x":0,"y":0}],"scale":[{"time":0,"x":1,"y":1,"curve":"stepped"},{"time":2.1333,"x":1,"y":1}]},"bone11":{"rotate":[{"time":0,"angle":0,"curve":[0.341,0,0.77,1]},{"time":0.8333,"angle":46.23,"curve":[0.865,0,1,0.29]},{"time":0.9667,"angle":-1.41,"curve":[0.343,0.25,0.676,0.59]},{"time":1.4667,"angle":11.89,"curve":[0.341,0,0.77,1]},{"time":2.1333,"angle":0}],"translate":[{"time":0,"x":0,"y":0,"curve":"stepped"},{"time":2.1333,"x":0,"y":0}],"scale":[{"time":0,"x":1,"y":1,"curve":"stepped"},{"time":2.1333,"x":1,"y":1}]},"bone12":{"rotate":[{"time":0,"angle":0,"curve":[0.341,0,0.77,1]},{"time":0.8333,"angle":44.61,"curve":[0.865,0,1,0.29]},{"time":0.9667,"angle":13.03,"curve":[0.343,0.25,0.676,0.59]},{"time":1.4667,"angle":40.95,"curve":[0.341,0,0.77,1]},{"time":2.1333,"angle":0}],"translate":[{"time":0,"x":0,"y":0,"curve":"stepped"},{"time":2.1333,"x":0,"y":0}],"scale":[{"time":0,"x":1,"y":1,"curve":"stepped"},{"time":2.1333,"x":1,"y":1}]},"fog1":{"scale":[{"time":0.8667,"x":0.444,"y":0.444,"curve":[0.796,0,0.889,0.45]},{"time":2.0333,"x":1.541,"y":1.541}]},"effect_attack1":{"translate":[{"time":0.9333,"x":-190.25,"y":-102.84,"curve":[0.041,0.92,0.304,0.97]},{"time":1.0333,"x":-190.25,"y":-87.41}],"scale":[{"time":0.9333,"x":1.36,"y":1,"curve":[0.041,0.92,0.304,0.97]},{"time":1.0333,"x":1.673,"y":1.23,"curve":[0,0.88,0.75,1]},{"time":1.6,"x":1.918,"y":1.41}]},"eye light":{"rotate":[{"time":0,"angle":0,"curve":"stepped"},{"time":2.1333,"angle":0}],"translate":[{"time":0,"x":0,"y":0,"curve":"stepped"},{"time":2.1333,"x":0,"y":0}],"scale":[{"time":0,"x":1,"y":1,"curve":[0.341,0,0.77,1]},{"time":0.8667,"x":1.29,"y":1.29,"curve":[0.796,0,0.889,0.45]},{"time":2.1333,"x":1,"y":1}]}},"deform":{"default":{"body":{"body":[{"time":0,"curve":[0.341,0,0.77,1]},{"time":0.8333,"vertices":[-9.18947,-17.03369,-9.33293,-23.18172,-19.62355,-17.58451,0,0,0,0,0,0,0,0,0,0,-10.24476,0.39058,-16.90816,-0.26068,-6.16412,-3.38611,-0.54262,-6.31629,0,0,22.73311,38.45006,14.89072,9.85975,0,0,2.94125,-0.55499,6.59665,7.4248,6.44101,-25.4064,0,0,0,0,0,0,-23.29615,-6.12918,0,0,-6.31616,0.54257,-3.77661,-4.08073],"curve":[0.865,0,1,0.29]},{"time":0.9667,"vertices":[3.31987,-23.54875,-4.51981,-43.93789,-23.33921,-14.01843,0,0,-1.9827,-16.63422,-0.33029,-6.16901,0,0,9.25354,-10.6857,2.59328,-17.38546,-7.79307,-11.91099,-5.53191,-3.03882,-11.06226,0.7208,20.15994,29.85292,56.86464,56.20758,20.41376,11.38216,0,0,2.97191,5.01281,10.83401,9.77979,5.78039,-22.80062,0,0,0,0,0,0,-20.90681,-5.50055,0,0,-5.66835,0.48692,-3.38927,-3.66219],"curve":"stepped"},{"time":1.3,"vertices":[3.31987,-23.54875,-4.51981,-43.93789,-23.33921,-14.01843,0,0,-1.9827,-16.63422,-0.33029,-6.16901,0,0,9.25354,-10.6857,2.59328,-17.38546,-7.79307,-11.91099,-5.53191,-3.03882,-11.06226,0.7208,20.15994,29.85292,56.86464,56.20758,20.41376,11.38216,0,0,2.97191,5.01281,10.83401,9.77979,5.78039,-22.80062,0,0,0,0,0,0,-20.90681,-5.50055,0,0,-5.66835,0.48692,-3.38927,-3.66219],"curve":[0.341,0,0.77,1]},{"time":1.3667,"vertices":[0.4133,-21.93814,-6.21645,-31.59776,-22.16585,-11.62318,-5.53015,-1.3213,-1.30291,-10.93106,-0.21705,-4.05392,0,0,6.0809,-7.02203,1.70415,-11.42473,-5.12116,-7.82722,-3.63525,-1.99694,-13.0834,2.78689,12.18996,22.56852,64.38622,66.64188,24.64909,12.12215,0,0,-1.4337,11.72283,7.35106,2.19506,3.79854,-14.98326,0,0,0,0,0,0,-13.73876,-3.61465,0,0,-3.72492,0.31998,-2.22723,-2.40658]},{"time":1.4667,"vertices":[-2.52377,-29.61457,-10.69847,-31.91809,-30.40835,-14.03821,-13.82538,-3.30326,-1.13297,-9.50527,-0.18874,-3.52515,0,0,5.28774,-6.10611,1.48187,-9.93455,-4.45318,-6.80628,-3.16109,-1.73647,-20.85608,6.19493,-8.14532,15.77019,3.75439,43.06831,2.14677,4.32218,0,0,-2.39039,8.33188,6.76978,-4.9907,3.30308,-13.02892,0,0,0,0,0,0,-11.94674,-3.14317,0,0,-3.23906,0.27824,-1.93672,-2.09268],"curve":[0.341,0,0.77,1]},{"time":2.1333}]},"hair2":{"hair2":[{"time":0,"curve":[0.341,0,0.77,1]},{"time":0.9667,"vertices":[0.05463,-1.61508,-1.45129,-4.89981,0,0,-12.91495,11.25684,-21.69696,28.66025,-20.06335,19.70466,-24.23832,21.02359,-8.91905,8.34335]},{"time":2.1333}]},"hair_1":{"hair_1":[{"time":0,"curve":[0.341,0,0.77,1]},{"time":0.8333,"offset":4,"vertices":[-11.66155,7.84762,-19.66504,12.2066,-29.64242,22.5836,6.55859,5.60071,3.02013,6.90178,0,0,-8.15257,-5.47777],"curve":[0.865,0,1,0.29]},{"time":0.9667,"offset":4,"vertices":[-19.39664,11.86714,-39.82542,22.01119,-51.08752,33.03186,10.61895,28.311,8.3427,23.4552,0,0,-7.31641,-4.91594,-4.91541,5.42368]},{"time":1.3,"offset":4,"vertices":[-13.85475,8.47653,-28.44672,15.72228,-36.49109,23.59418,7.58496,20.22215,5.95907,16.75371,0,0,-5.22601,-3.51139,-3.511,3.87405],"curve":[0.341,0,0.77,1]},{"time":1.3667,"offset":4,"vertices":[-12.7048,-8.44097,-40.36032,6.30886,-45.67391,-8.77101,2.94911,6.41477,-4.61049,-6.94156,0,0,-4.80793,-3.23048,0.88688,-18.75463,-1.9989,-12.18472,-4.00806,-20.30994]},{"time":1.8,"offset":2,"vertices":[-3.59656,-4.47601,-11.83803,-20.69382,-32.15429,-13.14221,-45.43396,-12.72571,-12.88489,-17.13275,-6.04063,-3.45771,0,0,-7.48548,-8.11833,0.3856,-8.15418,-9.16132,-4.159,-5.33937,-13.30614],"curve":[0.341,0,0.77,1]},{"time":2.1333}]},"wing1_left":{"wing2_left":[{"time":0,"curve":[0.341,0,0.77,1]},{"time":0.8333,"vertices":[44.88276,7.63798,30.34584,0.64504,19.17713,10.334,12.18249,11.21099,0,0,0,0,0,0,0,0,0,0,0,0,0,0,11.18511,1.2925],"curve":[0.865,0,1,0.29]},{"time":0.9667,"vertices":[37.04594,-12.12663,27.23345,0.57888,17.21025,9.2741,52.35481,-15.34736,0,0,0,0,0,0,0,0,0,0,0,0,0,0,10.144,-16.68598]},{"time":2.1333}]},"wing1_right":{"wing2_right":[{"time":0,"curve":[0.341,0,0.77,1]},{"time":0.8333,"vertices":[16.31763,28.12823,33.53784,40.42918,0,0,0,0,0,0,0,0,-44.77362,10.49576,-15.82587,-0.90243,0,0,0,0,0,0,0,0,0,0,0,0,0,0,0,0,0,0,0,0,12.30029,13.12115],"curve":[0.865,0,1,0.29]},{"time":0.9667,"vertices":[12.88824,1.48562,25.45825,14.66511,0,0,0,0,0,0,0,0,-44.77362,10.49576,-15.82587,-0.90243,3.77118,-5.52855,15.75598,-27.05735,28.32697,-45.48612,35.78381,-48.50062,0,0,22.24921,-26.67902,18.01385,-6.61459,-0.67206,4.94279,0,0,0,0,12.30029,13.12115]},{"time":2.1333}]},"wing2_right":{"wing1_right":[{"time":0,"curve":"stepped"},{"time":0.9667},{"time":1.3,"offset":8,"vertices":[2.70628,20.27246,0,0,-6.07604,31.76282,-38.50925,46.41125,-48.64475,47.76343,-34.90907,21.8623,-52.9256,41.45703,-23.65002,3.1582,-11.7099,15.32007],"curve":[0.341,0,0.77,1]},{"time":2.1333}]}}}},"idle":{"slots":{"eye light":{"color":[{"time":0,"color":"ffffff00"},{"time":0.3667,"color":"fffffffe"},{"time":0.8,"color":"ffffff00"}]}},"bones":{"root":{"rotate":[{"time":0,"angle":0,"curve":"stepped"},{"time":1,"angle":0}],"translate":[{"time":0,"x":0,"y":0,"curve":"stepped"},{"time":1,"x":0,"y":0}],"scale":[{"time":0,"x":1,"y":1,"curve":"stepped"},{"time":1,"x":1,"y":1}]},"body":{"rotate":[{"time":0,"angle":0,"curve":"stepped"},{"time":1,"angle":0}],"translate":[{"time":0,"x":0,"y":0,"curve":[0.25,0,0.267,1]},{"time":0.5,"x":0,"y":-32.42,"curve":[0.287,0.03,0.393,1.05]},{"time":1,"x":0,"y":0}],"scale":[{"time":0,"x":1,"y":1,"curve":"stepped"},{"time":1,"x":1,"y":1}]},"face":{"rotate":[{"time":0,"angle":0,"curve":[0.74,0.01,0.229,0.97]},{"time":0.5,"angle":-2.88,"curve":[0.554,0.07,0.462,0.96]},{"time":1,"angle":0}],"translate":[{"time":0,"x":0,"y":0,"curve":"stepped"},{"time":1,"x":0,"y":0}],"scale":[{"time":0,"x":1,"y":1,"curve":"stepped"},{"time":1,"x":1,"y":1}]},"hair1":{"rotate":[{"time":0,"angle":0,"curve":"stepped"},{"time":1,"angle":0}],"translate":[{"time":0,"x":0,"y":0,"curve":"stepped"},{"time":1,"x":0,"y":0}],"scale":[{"time":0,"x":1,"y":1,"curve":"stepped"},{"time":1,"x":1,"y":1}]},"hair2":{"rotate":[{"time":0,"angle":0,"curve":"stepped"},{"time":1,"angle":0}],"translate":[{"time":0,"x":0,"y":0,"curve":"stepped"},{"time":1,"x":0,"y":0}],"scale":[{"time":0,"x":1,"y":1,"curve":"stepped"},{"time":1,"x":1,"y":1}]},"arm2_right":{"rotate":[{"time":0,"angle":0,"curve":[0.25,0,0.75,1]},{"time":0.5,"angle":9.53,"curve":[0.287,0.03,0.75,1]},{"time":1,"angle":0}],"translate":[{"time":0,"x":0,"y":0,"curve":"stepped"},{"time":1,"x":0,"y":0}],"scale":[{"time":0,"x":1,"y":1,"curve":"stepped"},{"time":1,"x":1,"y":1}]},"arm1_right":{"rotate":[{"time":0,"angle":0,"curve":[0.252,0.25,0.538,0.66]},{"time":0.5,"angle":-9.51,"curve":[0.287,0.03,0.536,1]},{"time":1,"angle":0}],"translate":[{"time":0,"x":0,"y":0,"curve":"stepped"},{"time":1,"x":0,"y":0}],"scale":[{"time":0,"x":1,"y":1,"curve":"stepped"},{"time":1,"x":1,"y":1}]},"arm2_left":{"rotate":[{"time":0,"angle":0,"curve":[0.165,0.28,0.604,1]},{"time":0.5,"angle":2.48,"curve":[0.287,0.03,0.75,1]},{"time":1,"angle":0}],"translate":[{"time":0,"x":0,"y":0,"curve":"stepped"},{"time":1,"x":0,"y":0}],"scale":[{"time":0,"x":1,"y":1,"curve":"stepped"},{"time":1,"x":1,"y":1}]},"arm1_left":{"rotate":[{"time":0,"angle":0,"curve":[0.165,0.28,0.604,1]},{"time":0.5,"angle":-6.03,"curve":[0.287,0.03,0.75,1]},{"time":1,"angle":0}],"translate":[{"time":0,"x":0,"y":0,"curve":"stepped"},{"time":1,"x":0,"y":0}],"scale":[{"time":0,"x":1,"y":1,"curve":"stepped"},{"time":1,"x":1,"y":1}]},"hand_left":{"rotate":[{"time":0,"angle":0,"curve":[0.165,0.28,0.604,1]},{"time":0.5,"angle":-2.97,"curve":[0.287,0.03,0.75,1]},{"time":1,"angle":0}],"translate":[{"time":0,"x":0,"y":0,"curve":"stepped"},{"time":1,"x":0,"y":0}],"scale":[{"time":0,"x":1,"y":1,"curve":"stepped"},{"time":1,"x":1,"y":1}]},"wepon":{"rotate":[{"time":0,"angle":0,"curve":"stepped"},{"time":1,"angle":0}],"translate":[{"time":0,"x":0,"y":0,"curve":"stepped"},{"time":1,"x":0,"y":0}],"scale":[{"time":0,"x":1,"y":1,"curve":"stepped"},{"time":1,"x":1,"y":1}]},"r1":{"rotate":[{"time":0,"angle":0,"curve":"stepped"},{"time":1,"angle":0}],"translate":[{"time":0,"x":0,"y":0,"curve":"stepped"},{"time":1,"x":0,"y":0}],"scale":[{"time":0,"x":1,"y":1,"curve":"stepped"},{"time":1,"x":1,"y":1}]},"leg2_right":{"rotate":[{"time":0,"angle":0,"curve":"stepped"},{"time":1,"angle":0}],"translate":[{"time":0,"x":0,"y":0,"curve":"stepped"},{"time":1,"x":0,"y":0}],"scale":[{"time":0,"x":1,"y":1,"curve":"stepped"},{"time":1,"x":1,"y":1}]},"leg1_right":{"rotate":[{"time":0,"angle":0,"curve":"stepped"},{"time":1,"angle":0}],"translate":[{"time":0,"x":0,"y":0,"curve":"stepped"},{"time":1,"x":0,"y":0}],"scale":[{"time":0,"x":1,"y":1,"curve":"stepped"},{"time":1,"x":1,"y":1}]},"r2":{"rotate":[{"time":0,"angle":0,"curve":"stepped"},{"time":1,"angle":0}],"translate":[{"time":0,"x":0,"y":0,"curve":"stepped"},{"time":1,"x":0,"y":0}],"scale":[{"time":0,"x":1,"y":1,"curve":"stepped"},{"time":1,"x":1,"y":1}]},"foot_right":{"rotate":[{"time":0,"angle":0,"curve":"stepped"},{"time":1,"angle":0}],"translate":[{"time":0,"x":0,"y":0,"curve":"stepped"},{"time":1,"x":0,"y":0}],"scale":[{"time":0,"x":1,"y":1,"curve":"stepped"},{"time":1,"x":1,"y":1}]},"l1":{"rotate":[{"time":0,"angle":0,"curve":"stepped"},{"time":1,"angle":0}],"translate":[{"time":0,"x":0,"y":0,"curve":"stepped"},{"time":1,"x":0,"y":0}],"scale":[{"time":0,"x":1,"y":1,"curve":"stepped"},{"time":1,"x":1,"y":1}]},"leg2_left":{"rotate":[{"time":0,"angle":0,"curve":"stepped"},{"time":1,"angle":0}],"translate":[{"time":0,"x":0,"y":0,"curve":"stepped"},{"time":1,"x":0,"y":0}],"scale":[{"time":0,"x":1,"y":1,"curve":"stepped"},{"time":1,"x":1,"y":1}]},"leg1_left":{"rotate":[{"time":0,"angle":0,"curve":"stepped"},{"time":1,"angle":0}],"translate":[{"time":0,"x":0,"y":0,"curve":"stepped"},{"time":1,"x":0,"y":0}],"scale":[{"time":0,"x":1,"y":1,"curve":"stepped"},{"time":1,"x":1,"y":1}]},"l2":{"rotate":[{"time":0,"angle":0,"curve":"stepped"},{"time":1,"angle":0}],"translate":[{"time":0,"x":0,"y":0,"curve":"stepped"},{"time":1,"x":0,"y":0}],"scale":[{"time":0,"x":1,"y":1,"curve":"stepped"},{"time":1,"x":1,"y":1}]},"foot_left":{"rotate":[{"time":0,"angle":0,"curve":"stepped"},{"time":1,"angle":0}],"translate":[{"time":0,"x":0,"y":0,"curve":"stepped"},{"time":1,"x":0,"y":0}],"scale":[{"time":0,"x":1,"y":1,"curve":"stepped"},{"time":1,"x":1,"y":1}]},"wing1_right":{"rotate":[{"time":0,"angle":0,"curve":[0.192,0.71,0.75,1]},{"time":0.5,"angle":9.94,"curve":[0.287,0.03,0.75,1]},{"time":1,"angle":0}],"translate":[{"time":0,"x":0,"y":0,"curve":"stepped"},{"time":1,"x":0,"y":0}],"scale":[{"time":0,"x":1,"y":1,"curve":"stepped"},{"time":1,"x":1,"y":1}]},"wing2_right":{"rotate":[{"time":0,"angle":0,"curve":[0.192,0.71,0.75,1]},{"time":0.5,"angle":13.4,"curve":[0.287,0.03,0.75,1]},{"time":1,"angle":0}],"translate":[{"time":0,"x":0,"y":0,"curve":"stepped"},{"time":1,"x":0,"y":0}],"scale":[{"time":0,"x":1,"y":1,"curve":[0.238,0.39,0.588,0.72]},{"time":0.5,"x":1,"y":1.202,"curve":[0.301,0.41,0.647,0.74]},{"time":1,"x":1,"y":1}]},"wing1_left":{"rotate":[{"time":0,"angle":0,"curve":[0.192,0.71,0.75,1]},{"time":0.5,"angle":7.24,"curve":[0.287,0.03,0.75,1]},{"time":1,"angle":0}],"translate":[{"time":0,"x":0,"y":0,"curve":"stepped"},{"time":1,"x":0,"y":0}],"scale":[{"time":0,"x":1,"y":1,"curve":"stepped"},{"time":1,"x":1,"y":1}]},"wing2_left":{"rotate":[{"time":0,"angle":0,"curve":[0.192,0.71,0.75,1]},{"time":0.5,"angle":12.32,"curve":[0.287,0.03,0.75,1]},{"time":1,"angle":0}],"translate":[{"time":0,"x":0,"y":0,"curve":"stepped"},{"time":1,"x":0,"y":0}],"scale":[{"time":0,"x":1,"y":1,"curve":[0.238,0.39,0.588,0.72]},{"time":0.5,"x":1,"y":1.22,"curve":[0.301,0.41,0.647,0.74]},{"time":1,"x":1,"y":1}]},"tail":{"rotate":[{"time":0,"angle":0,"curve":"stepped"},{"time":1,"angle":0}],"translate":[{"time":0,"x":0,"y":0,"curve":"stepped"},{"time":1,"x":0,"y":0}],"scale":[{"time":0,"x":1,"y":1,"curve":"stepped"},{"time":1,"x":1,"y":1}]},"bone3":{"rotate":[{"time":0,"angle":0,"curve":"stepped"},{"time":1,"angle":0}],"translate":[{"time":0,"x":0,"y":0,"curve":"stepped"},{"time":1,"x":0,"y":0}],"scale":[{"time":0,"x":1,"y":1,"curve":"stepped"},{"time":1,"x":1,"y":1}]},"bone4":{"rotate":[{"time":0,"angle":0,"curve":[0.151,0.44,0.396,0.91]},{"time":0.5,"angle":3.38,"curve":[0.287,0.03,0.75,1]},{"time":1,"angle":0}],"translate":[{"time":0,"x":0,"y":0,"curve":"stepped"},{"time":1,"x":0,"y":0}],"scale":[{"time":0,"x":1,"y":1,"curve":"stepped"},{"time":1,"x":1,"y":1}]},"bone5":{"rotate":[{"time":0,"angle":0,"curve":"stepped"},{"time":1,"angle":0}],"translate":[{"time":0,"x":0,"y":0,"curve":"stepped"},{"time":1,"x":0,"y":0}],"scale":[{"time":0,"x":1,"y":1,"curve":"stepped"},{"time":1,"x":1,"y":1}]},"bone6":{"rotate":[{"time":0,"angle":0,"curve":"stepped"},{"time":1,"angle":0}],"translate":[{"time":0,"x":0,"y":0,"curve":"stepped"},{"time":1,"x":0,"y":0}],"scale":[{"time":0,"x":1,"y":1,"curve":"stepped"},{"time":1,"x":1,"y":1}]},"bone7":{"rotate":[{"time":0,"angle":0,"curve":[0.151,0.44,0.396,0.91]},{"time":0.5,"angle":3.33,"curve":[0.287,0.03,0.75,1]},{"time":1,"angle":0}],"translate":[{"time":0,"x":0,"y":0,"curve":"stepped"},{"time":1,"x":0,"y":0}],"scale":[{"time":0,"x":1,"y":1,"curve":"stepped"},{"time":1,"x":1,"y":1}]},"bone8":{"rotate":[{"time":0,"angle":0,"curve":"stepped"},{"time":1,"angle":0}],"translate":[{"time":0,"x":0,"y":0,"curve":"stepped"},{"time":1,"x":0,"y":0}],"scale":[{"time":0,"x":1,"y":1,"curve":"stepped"},{"time":1,"x":1,"y":1}]},"bone9":{"rotate":[{"time":0,"angle":0,"curve":"stepped"},{"time":1,"angle":0}],"translate":[{"time":0,"x":0,"y":0,"curve":"stepped"},{"time":1,"x":0,"y":0}],"scale":[{"time":0,"x":1,"y":1,"curve":"stepped"},{"time":1,"x":1,"y":1}]},"bone10":{"rotate":[{"time":0,"angle":0,"curve":[0.151,0.44,0.396,0.91]},{"time":0.5,"angle":-4.23,"curve":[0.287,0.03,0.75,1]},{"time":1,"angle":0}],"translate":[{"time":0,"x":0,"y":0,"curve":"stepped"},{"time":1,"x":0,"y":0}],"scale":[{"time":0,"x":1,"y":1,"curve":"stepped"},{"time":1,"x":1,"y":1}]},"bone11":{"rotate":[{"time":0,"angle":0,"curve":"stepped"},{"time":1,"angle":0}],"translate":[{"time":0,"x":0,"y":0,"curve":"stepped"},{"time":1,"x":0,"y":0}],"scale":[{"time":0,"x":1,"y":1,"curve":"stepped"},{"time":1,"x":1,"y":1}]},"bone12":{"rotate":[{"time":0,"angle":0,"curve":"stepped"},{"time":1,"angle":0}],"translate":[{"time":0,"x":0,"y":0,"curve":"stepped"},{"time":1,"x":0,"y":0}],"scale":[{"time":0,"x":1,"y":1,"curve":"stepped"},{"time":1,"x":1,"y":1}]},"eye light":{"rotate":[{"time":0,"angle":0},{"time":0.3667,"angle":2.88,"curve":"stepped"},{"time":0.7667,"angle":2.88}],"scale":[{"time":0,"x":1,"y":1},{"time":0.3667,"x":1.497,"y":1.497},{"time":0.7667,"x":1.759,"y":1.759}]}},"deform":{"default":{"arm2_right":{"arm2_right":[{"time":0},{"time":0.5,"offset":8,"vertices":[-2.1409,1.49658,-0.70258,20.88416,1.14447,12.58319]},{"time":1}]},"body":{"body":[{"time":0,"curve":[0.25,0,0.75,1]},{"time":0.5,"vertices":[6.7478,-2.79884,3.86499,-4.59562,11.57544,-29.81037,0,0,8.08551,-12.97256,5.30646,-3.69732,0,0,0,0,4.49191,-7.20702,0,0,11.4274,-3.88477,11.78305,-7.66599,0,0,17.23138,31.75562,4.23962,7.64642,0,0,0,0,0,0,0,0,0,0,0,0,9.08783,-3.34172,6.47653,-3.96877,7.64639,-4.24014,0,0,11.78305,-7.66601]},{"time":1}]},"face":{"face":[{"time":0},{"time":0.5,"vertices":[12.19373,2.78587,0,0,-2.02075,-8.61034,0.22107,-3.24373,-17.1181,-7.03142,-1.90198,-0.78123,-1.90198,-0.78125,0,0,0,0,0,0,0,0,0,0,0,0,0,0,3.58344,4.80626,-5.14551,-1.0022,7.55188,-7.30653,-0.33929,-4.58536]},{"time":1}]},"hair2":{"hair2":[{"time":0},{"time":0.5,"vertices":[0.18604,-11.06287,0,0,0,0,-12.48431,5.2856,-29.57336,18.51569,-14.39752,6.32331,-11.34937,10.11709,-6.67993,4.11822],"curve":[0.624,0.01,0.75,1]},{"time":1}]},"hair_1":{"hair_1":[{"time":0,"curve":[0.434,0.06,0.318,0.66]},{"time":0.5,"offset":4,"vertices":[-5.03845,0.83319,-12.74719,3.93512,-37.6394,4.39719,-4.2356,-9.04376,0,0,0,0,0,0,-13.07867,-7.27698],"curve":[0.846,0.04,0.59,0.94]},{"time":1}]},"leg1_right":{"leg1_right":[{"time":0},{"time":0.5,"vertices":[23.18346,12.57079,21.3418,3.34138,6.15339,6.95193,0,0,0,0,0,0,0,0,0,0,0,0,0,0,0,0,0,0,15.47978,9.4705,22.57781,9.85744]},{"time":1}]},"leg2_left":{"leg2_left":[{"time":0},{"time":0.5,"offset":4,"vertices":[-2.7433,0.99768,0,0,0,0,0,0,5.66133,-9.20337,-1.54633,-9.37787]},{"time":1}]},"leg2_right":{"leg2_right":[{"time":0,"curve":[0.141,0.53,0.651,0.77]},{"time":0.5,"vertices":[-5.65195,25.11671,-4.8233,22.42015,0,0,0,0,0,0,0,0,0,0,0,0,-5.41367,-2.5487,-4.94995,17.06981]},{"time":1}]},"wing1_right":{"wing2_right":[{"time":0},{"time":0.5,"vertices":[5.1369,13.70288,-5.62823,8.80774,0,0,-2.20062,-5.87206,0,0,0,0,0,0,-2.56897,2.07951,0,0,5.87256,-2.20099,25.69482,-20.79211,31.21716,-0.52098,-10.53278,-12.80705,29.24176,-14.30815,20.30908,-5.3795,8.07361,3.67139,0,0,7.58435,8.3204]},{"time":1}]},"wing2_right":{"wing1_right":[{"time":0,"curve":[0.359,0,0.643,0.45]},{"time":0.5,"offset":6,"vertices":[-3.81952,8.95575,3.8822,26.84058,-8.87524,42.20416,-2.55676,0.00452,0.01343,7.67065,-3.80627,16.62671,-7.62152,28.13928,0,0,-20.80237,-6.25983,-3.32129,-3.18622,-6.39905,-3.82428],"curve":[0.567,0.04,0.75,1]},{"time":1}]}}}},"skill":{"slots":{"effect_skill1":{"color":[{"time":1.5667,"color":"ffffff00"},{"time":1.7,"color":"fffffffe"},{"time":2.6667,"color":"ffffff00"}],"attachment":[{"time":1.5667,"name":"effect_skill1"}]},"effect_skill2":{"color":[{"time":1.7,"color":"ffffff00"},{"time":1.7667,"color":"fffffffe"},{"time":3.3333,"color":"ffffff00"}],"attachment":[{"time":1.7,"name":"effect_skill2"}]},"effect_skill3":{"color":[{"time":1.8333,"color":"ffffff00"},{"time":1.9333,"color":"fffffffe"},{"time":3.8333,"color":"ffffff00"}],"attachment":[{"time":1.8333,"name":"effect_skill3"}]},"effect_wepon":{"color":[{"time":0.8333,"color":"ffffff00"},{"time":1,"color":"ffffff86"},{"time":1.6,"color":"fffffffe","curve":"stepped"},{"time":3.3333,"color":"fffffffe"},{"time":3.6667,"color":"ffffff00"}],"attachment":[{"time":0.8333,"name":"effect_wepon"}]},"effect_wepon2":{"color":[{"time":1.5,"color":"ffffff00"},{"time":1.5667,"color":"fffffffe"},{"time":2.1667,"color":"ffffff00","curve":"stepped"},{"time":2.2667,"color":"ffffff00"},{"time":2.5,"color":"fffffffe"},{"time":3,"color":"ffffff00"}],"attachment":[{"time":1.5,"name":"effect_wepon2"}]},"effect_wepon_glow":{"color":[{"time":1.6667,"color":"ffffff00"},{"time":2.1667,"color":"ffffffde"},{"time":2.3333,"color":"fffffffe","curve":"stepped"},{"time":2.5,"color":"fffffffe"},{"time":3.2,"color":"ffffff00"}],"attachment":[{"time":1.5,"name":"effect_wepon"}]},"eye light":{"color":[{"time":0,"color":"fffffffe"},{"time":0.8,"color":"ffffff4c"},{"time":1,"color":"fffffffe"},{"time":2.1667,"color":"ffffff50"},{"time":2.3333,"color":"fffffffe"},{"time":3.5,"color":"ffffff52"}]}},"bones":{"root":{"rotate":[{"time":0,"angle":0,"curve":"stepped"},{"time":1.6,"angle":0,"curve":"stepped"},{"time":3.5,"angle":0}],"translate":[{"time":0,"x":0,"y":0,"curve":"stepped"},{"time":3.5,"x":0,"y":0}],"scale":[{"time":0,"x":1,"y":1,"curve":"stepped"},{"time":3.5,"x":1,"y":1}]},"body":{"rotate":[{"time":0,"angle":0,"curve":"stepped"},{"time":0.8333,"angle":0,"curve":[0.351,0.28,0.678,0.62]},{"time":1.7,"angle":2.26,"curve":[0.334,0.33,0.667,0.66]},{"time":1.7667,"angle":-0.84,"curve":[0.334,0.32,0.667,0.66]},{"time":2,"angle":1.57,"curve":[0.332,0.32,0.664,0.65]},{"time":2.3333,"angle":1.23,"curve":[0.791,0.03,0.174,0.99]},{"time":2.5,"angle":-0.95,"curve":[0.633,0.04,0.149,0.95]},{"time":2.6667,"angle":1.05,"curve":[0.325,0.33,0.657,0.66]},{"time":3,"angle":-2.83,"curve":[0.316,0.33,0.647,0.66]},{"time":3.5,"angle":0}],"translate":[{"time":0,"x":0,"y":0,"curve":[0.25,0,0.168,1]},{"time":0.5,"x":16.47,"y":-203.16,"curve":"stepped"},{"time":0.8333,"x":16.47,"y":-203.16,"curve":[0.429,0,0.752,0.37]},{"time":0.9333,"x":55.8,"y":-206.18,"curve":"stepped"},{"time":1.5,"x":55.8,"y":-206.18,"curve":[0.343,0,0.499,1]},{"time":1.6,"x":112.74,"y":-128.57,"curve":"stepped"},{"time":2.1667,"x":112.74,"y":-128.57,"curve":[0.631,0.01,0.437,1]},{"time":2.3333,"x":58.47,"y":-36.33,"curve":"stepped"},{"time":3.3333,"x":58.47,"y":-36.33,"curve":[0.395,0.19,0.724,0.53]},{"time":3.8333,"x":0,"y":0}],"scale":[{"time":0,"x":1,"y":1,"curve":"stepped"},{"time":0.8333,"x":1,"y":1,"curve":"stepped"},{"time":3.5,"x":1,"y":1}]},"face":{"rotate":[{"time":0,"angle":0,"curve":[0.202,0.67,0.662,0.96]},{"time":0.5,"angle":21.67,"curve":"stepped"},{"time":0.8333,"angle":21.67,"curve":[0.336,0.32,0.669,0.65]},{"time":0.9333,"angle":-5.51,"curve":"stepped"},{"time":1.5,"angle":-5.51,"curve":[0.335,0.32,0.669,0.66]},{"time":3,"angle":6.1,"curve":[0.334,0.33,0.667,0.66]},{"time":3.5,"angle":0}],"translate":[{"time":0,"x":0,"y":0,"curve":[0.202,0.67,0.662,0.96]},{"time":0.5,"x":-16.66,"y":-3.04,"curve":"stepped"},{"time":0.8333,"x":-16.66,"y":-3.04,"curve":[0.343,0.28,0.676,0.62]},{"time":0.9333,"x":14.86,"y":-1.04,"curve":"stepped"},{"time":1.5,"x":14.86,"y":-1.04,"curve":[0.343,0.28,0.676,0.62]},{"time":3.5,"x":0,"y":0}],"scale":[{"time":0,"x":1,"y":1,"curve":"stepped"},{"time":3.5,"x":1,"y":1}]},"hair1":{"rotate":[{"time":0,"angle":0,"curve":"stepped"},{"time":3.5,"angle":0}],"translate":[{"time":0,"x":0,"y":0,"curve":"stepped"},{"time":3.5,"x":0,"y":0}],"scale":[{"time":0,"x":1,"y":1,"curve":"stepped"},{"time":3.5,"x":1,"y":1}]},"hair2":{"rotate":[{"time":0,"angle":0,"curve":"stepped"},{"time":3.5,"angle":0}],"translate":[{"time":0,"x":0,"y":0,"curve":"stepped"},{"time":3.5,"x":0,"y":0}],"scale":[{"time":0,"x":1,"y":1,"curve":"stepped"},{"time":3.5,"x":1,"y":1}]},"arm2_right":{"rotate":[{"time":0,"angle":0,"curve":[0.25,0,0.168,1]},{"time":0.5,"angle":-25.38,"curve":"stepped"},{"time":0.8333,"angle":-25.38,"curve":"stepped"},{"time":0.9333,"angle":-25.38,"curve":"stepped"},{"time":1.5,"angle":-25.38,"curve":[0.88,0,0.87,0.53]},{"time":2.3333,"angle":2.86,"curve":"stepped"},{"time":3.3333,"angle":2.86,"curve":[0.094,0.52,0.269,0.98]},{"time":3.8333,"angle":0}],"translate":[{"time":0,"x":0,"y":0,"curve":[0.25,0,0.168,1]},{"time":0.5,"x":7.14,"y":-38.25,"curve":"stepped"},{"time":0.8333,"x":7.14,"y":-38.25,"curve":"stepped"},{"time":0.9333,"x":7.14,"y":-38.25,"curve":"stepped"},{"time":1.5,"x":7.14,"y":-38.25,"curve":[0.75,0,0.134,0.99]},{"time":3.5,"x":0,"y":0}],"scale":[{"time":0,"x":1,"y":1,"curve":"stepped"},{"time":3.5,"x":1,"y":1}]},"arm1_right":{"rotate":[{"time":0,"angle":0,"curve":[0.25,0,0.168,1]},{"time":0.5,"angle":-13.75,"curve":"stepped"},{"time":0.8333,"angle":-13.75,"curve":"stepped"},{"time":0.9333,"angle":-13.75,"curve":"stepped"},{"time":1.5,"angle":-13.75,"curve":[0.88,0,0.87,0.53]},{"time":2.3333,"angle":-54.61,"curve":"stepped"},{"time":3.3333,"angle":-54.61,"curve":[0.269,0.34,0.584,0.68]},{"time":3.4333,"angle":-52.31,"curve":[0.125,0.55,0.371,0.98]},{"time":3.8333,"angle":0}],"translate":[{"time":0,"x":0,"y":0,"curve":"stepped"},{"time":3.5,"x":0,"y":0}],"scale":[{"time":0,"x":1,"y":1,"curve":"stepped"},{"time":3.5,"x":1,"y":1}]},"arm2_left":{"rotate":[{"time":0,"angle":0,"curve":[0.25,0,0.168,1]},{"time":0.5,"angle":-283.38,"curve":"stepped"},{"time":0.8333,"angle":-283.38,"curve":[0.387,0,0.717,0.35]},{"time":0.9333,"angle":-297.8,"curve":"stepped"},{"time":1.5,"angle":-297.8,"curve":[0.339,0,0.359,0.97]},{"time":1.6,"angle":-49.15,"curve":"stepped"},{"time":2.1667,"angle":-49.15,"curve":[0.587,0.02,0.345,1]},{"time":2.3333,"angle":-87.07,"curve":[0.722,0.04,0.143,0.99]},{"time":2.5,"angle":-83.97,"curve":[0.763,0.04,0.129,0.96]},{"time":2.6667,"angle":-87.72,"curve":[0.685,0.07,0.345,1]},{"time":3,"angle":-81.47,"curve":[0.342,0.31,0.675,0.64]},{"time":3.3333,"angle":-87.07,"curve":[0.338,0.31,0.671,0.64]},{"time":3.4333,"angle":-17.1,"curve":[0.353,0.27,0.686,0.6]},{"time":3.8333,"angle":0}],"translate":[{"time":0,"x":0,"y":0,"curve":[0.25,0,0.168,1]},{"time":0.5,"x":3.3,"y":11.94,"curve":"stepped"},{"time":0.8333,"x":3.3,"y":11.94,"curve":"stepped"},{"time":0.9333,"x":3.3,"y":11.94,"curve":"stepped"},{"time":1.5,"x":3.3,"y":11.94,"curve":[0.75,0,0.359,0.97]},{"time":3.5,"x":0,"y":0}],"scale":[{"time":0,"x":1,"y":1,"curve":"stepped"},{"time":3.5,"x":1,"y":1}]},"arm1_left":{"rotate":[{"time":0,"angle":0,"curve":[0.25,0,0.168,1]},{"time":0.5,"angle":-61.05,"curve":"stepped"},{"time":0.8333,"angle":-61.05,"curve":"stepped"},{"time":0.9333,"angle":-61.05,"curve":"stepped"},{"time":1.5,"angle":-61.05,"curve":[0.343,0,0.359,0.97]},{"time":1.6,"angle":39.25,"curve":"stepped"},{"time":2.1667,"angle":39.25,"curve":[0.587,0.02,0.345,1]},{"time":2.3333,"angle":63.11,"curve":"stepped"},{"time":3.3333,"angle":63.11,"curve":[0.342,0.31,0.675,0.64]},{"time":3.4333,"angle":-1.57,"curve":[0.369,0.27,0.701,0.6]},{"time":3.8333,"angle":0}],"translate":[{"time":0,"x":0,"y":0,"curve":[0.25,0,0.168,1]},{"time":0.8333,"x":14.4,"y":25.53,"curve":"stepped"},{"time":0.9333,"x":14.4,"y":25.53,"curve":"stepped"},{"time":1.5,"x":14.4,"y":25.53,"curve":[0.25,0,0.359,0.97]},{"time":1.6,"x":4.42,"y":49.55,"curve":"stepped"},{"time":2.1667,"x":4.42,"y":49.55,"curve":[0.587,0.02,0.345,1]},{"time":2.3333,"x":18.2,"y":69.91,"curve":"stepped"},{"time":3.3333,"x":18.2,"y":69.91},{"time":3.4333,"x":39.71,"y":24.01},{"time":3.8333,"x":0,"y":0}],"scale":[{"time":0,"x":1,"y":1,"curve":"stepped"},{"time":3.5,"x":1,"y":1}]},"hand_left":{"rotate":[{"time":0,"angle":0,"curve":[0.25,0,0.168,1]},{"time":0.5,"angle":-26.91,"curve":"stepped"},{"time":0.8333,"angle":-26.91,"curve":"stepped"},{"time":0.9333,"angle":-26.91,"curve":"stepped"},{"time":1.5,"angle":-26.91,"curve":[0.75,0,0.359,0.97]},{"time":1.6,"angle":-11.24,"curve":"stepped"},{"time":2.1667,"angle":-11.24,"curve":[0.587,0.02,0.345,1]},{"time":2.3333,"angle":9.43,"curve":"stepped"},{"time":3.3333,"angle":9.43},{"time":3.4333,"angle":-5.18},{"time":3.8333,"angle":0}],"translate":[{"time":0,"x":0,"y":0,"curve":"stepped"},{"time":3.5,"x":0,"y":0}],"scale":[{"time":0,"x":1,"y":1,"curve":"stepped"},{"time":3.5,"x":1,"y":1}]},"wepon":{"rotate":[{"time":0,"angle":0,"curve":"stepped"},{"time":3.5,"angle":0}],"translate":[{"time":0,"x":0,"y":0,"curve":"stepped"},{"time":3.5,"x":0,"y":0}],"scale":[{"time":0,"x":1,"y":1,"curve":"stepped"},{"time":3.5,"x":1,"y":1}]},"r1":{"rotate":[{"time":0,"angle":0,"curve":"stepped"},{"time":3.5,"angle":0}],"translate":[{"time":0,"x":0,"y":0,"curve":"stepped"},{"time":3.5,"x":0,"y":0}],"scale":[{"time":0,"x":1,"y":1,"curve":"stepped"},{"time":3.5,"x":1,"y":1}]},"leg2_right":{"rotate":[{"time":0,"angle":0,"curve":"stepped"},{"time":3.5,"angle":0}],"translate":[{"time":0,"x":0,"y":0,"curve":"stepped"},{"time":3.5,"x":0,"y":0}],"scale":[{"time":0,"x":1,"y":1,"curve":"stepped"},{"time":3.5,"x":1,"y":1}]},"leg1_right":{"rotate":[{"time":0,"angle":0,"curve":"stepped"},{"time":3.5,"angle":0}],"translate":[{"time":0,"x":0,"y":0,"curve":"stepped"},{"time":3.5,"x":0,"y":0}],"scale":[{"time":0,"x":1,"y":1,"curve":"stepped"},{"time":3.5,"x":1,"y":1}]},"r2":{"rotate":[{"time":0,"angle":0,"curve":"stepped"},{"time":3.5,"angle":0}],"translate":[{"time":0,"x":0,"y":0,"curve":"stepped"},{"time":3.5,"x":0,"y":0}],"scale":[{"time":0,"x":1,"y":1,"curve":"stepped"},{"time":3.5,"x":1,"y":1}]},"foot_right":{"rotate":[{"time":0,"angle":0,"curve":"stepped"},{"time":3.5,"angle":0}],"translate":[{"time":0,"x":0,"y":0,"curve":"stepped"},{"time":3.5,"x":0,"y":0}],"scale":[{"time":0,"x":1,"y":1,"curve":"stepped"},{"time":3.5,"x":1,"y":1}]},"l1":{"rotate":[{"time":0,"angle":0,"curve":"stepped"},{"time":0.5,"angle":0,"curve":"stepped"},{"time":0.8333,"angle":0,"curve":"stepped"},{"time":0.9333,"angle":0,"curve":"stepped"},{"time":1.5,"angle":0,"curve":"stepped"},{"time":3.5,"angle":0}],"translate":[{"time":0,"x":0,"y":0,"curve":"stepped"},{"time":0.5,"x":0,"y":0,"curve":"stepped"},{"time":0.8333,"x":0,"y":0,"curve":"stepped"},{"time":0.9333,"x":0,"y":0,"curve":"stepped"},{"time":1.5,"x":0,"y":0,"curve":"stepped"},{"time":3.5,"x":0,"y":0}],"scale":[{"time":0,"x":1,"y":1,"curve":"stepped"},{"time":0.5,"x":1,"y":1,"curve":"stepped"},{"time":0.8333,"x":1,"y":1,"curve":"stepped"},{"time":0.9333,"x":1,"y":1,"curve":"stepped"},{"time":1.5,"x":1,"y":1,"curve":"stepped"},{"time":3.5,"x":1,"y":1}]},"leg2_left":{"rotate":[{"time":0,"angle":0,"curve":"stepped"},{"time":3.5,"angle":0}],"translate":[{"time":0,"x":0,"y":0,"curve":"stepped"},{"time":3.5,"x":0,"y":0}],"scale":[{"time":0,"x":1,"y":1,"curve":"stepped"},{"time":3.5,"x":1,"y":1}]},"leg1_left":{"rotate":[{"time":0,"angle":0,"curve":"stepped"},{"time":3.5,"angle":0}],"translate":[{"time":0,"x":0,"y":0,"curve":"stepped"},{"time":3.5,"x":0,"y":0}],"scale":[{"time":0,"x":1,"y":1,"curve":"stepped"},{"time":3.5,"x":1,"y":1}]},"l2":{"rotate":[{"time":0,"angle":0,"curve":"stepped"},{"time":0.5,"angle":0,"curve":"stepped"},{"time":0.8333,"angle":0,"curve":"stepped"},{"time":0.9333,"angle":0,"curve":"stepped"},{"time":1.5,"angle":0,"curve":"stepped"},{"time":3.5,"angle":0}],"translate":[{"time":0,"x":0,"y":0,"curve":"stepped"},{"time":0.5,"x":0,"y":0,"curve":"stepped"},{"time":0.8333,"x":0,"y":0,"curve":"stepped"},{"time":0.9333,"x":0,"y":0,"curve":"stepped"},{"time":1.5,"x":0,"y":0,"curve":"stepped"},{"time":3.5,"x":0,"y":0}],"scale":[{"time":0,"x":1,"y":1,"curve":"stepped"},{"time":0.5,"x":1,"y":1,"curve":"stepped"},{"time":0.8333,"x":1,"y":1,"curve":"stepped"},{"time":0.9333,"x":1,"y":1,"curve":"stepped"},{"time":1.5,"x":1,"y":1,"curve":"stepped"},{"time":3.5,"x":1,"y":1}]},"foot_left":{"rotate":[{"time":0,"angle":0,"curve":"stepped"},{"time":0.5,"angle":0,"curve":"stepped"},{"time":0.8333,"angle":0,"curve":"stepped"},{"time":0.9333,"angle":0,"curve":"stepped"},{"time":1.5,"angle":0,"curve":"stepped"},{"time":3.5,"angle":0}],"translate":[{"time":0,"x":0,"y":0,"curve":"stepped"},{"time":0.5,"x":0,"y":0,"curve":"stepped"},{"time":0.8333,"x":0,"y":0,"curve":"stepped"},{"time":0.9333,"x":0,"y":0,"curve":"stepped"},{"time":1.5,"x":0,"y":0,"curve":"stepped"},{"time":3.5,"x":0,"y":0}],"scale":[{"time":0,"x":1,"y":1,"curve":"stepped"},{"time":0.5,"x":1,"y":1,"curve":"stepped"},{"time":0.8333,"x":1,"y":1,"curve":"stepped"},{"time":0.9333,"x":1,"y":1,"curve":"stepped"},{"time":1.5,"x":1,"y":1,"curve":"stepped"},{"time":3.5,"x":1,"y":1}]},"wing1_right":{"rotate":[{"time":0,"angle":0,"curve":[0.247,0.42,0.625,0.96]},{"time":0.5,"angle":4.86,"curve":[0.343,0.23,0.676,0.56]},{"time":0.8333,"angle":0,"curve":[0.336,0.31,0.669,0.64]},{"time":0.9333,"angle":15.43,"curve":[0.336,0.31,0.669,0.64]},{"time":1.5,"angle":17.34,"curve":[0.334,0.33,0.667,0.66]},{"time":1.6,"angle":26.22,"curve":[0.334,0.33,0.667,0.66]},{"time":1.7,"angle":28.34,"curve":[0.334,0.33,0.667,0.66]},{"time":1.8333,"angle":25.76,"curve":[0.333,0.33,0.667,0.67]},{"time":1.9,"angle":30.31,"curve":[0.695,0.08,0.242,0.97]},{"time":2.1667,"angle":26.22,"curve":[0.659,0.05,0.247,0.96]},{"time":2.3333,"angle":13.43,"curve":[0.637,0.02,0.163,0.96]},{"time":2.5,"angle":14.18,"curve":[0.585,0.03,0.19,1]},{"time":2.6,"angle":11.58,"curve":[0.563,0.02,0.481,1]},{"time":2.8333,"angle":16.23,"curve":[0.573,0.01,0.454,0.98]},{"time":3.3333,"angle":13.43,"curve":[0.335,0.32,0.668,0.66]},{"time":3.8333,"angle":0}],"translate":[{"time":0,"x":0,"y":0,"curve":"stepped"},{"time":0.5,"x":0,"y":0,"curve":"stepped"},{"time":0.8333,"x":0,"y":0,"curve":"stepped"},{"time":0.9333,"x":0,"y":0,"curve":"stepped"},{"time":1.5,"x":0,"y":0,"curve":"stepped"},{"time":3.5,"x":0,"y":0}],"scale":[{"time":0,"x":1,"y":1,"curve":"stepped"},{"time":0.5,"x":1,"y":1,"curve":"stepped"},{"time":0.8333,"x":1,"y":1,"curve":"stepped"},{"time":0.9333,"x":1,"y":1,"curve":"stepped"},{"time":1.5,"x":1,"y":1,"curve":"stepped"},{"time":3.5,"x":1,"y":1}]},"wing2_right":{"rotate":[{"time":0,"angle":0,"curve":[0.247,0.42,0.625,0.96]},{"time":0.5,"angle":4.86,"curve":[0.355,0.23,0.686,0.57]},{"time":0.8333,"angle":0,"curve":[0.339,0.31,0.672,0.65]},{"time":0.9333,"angle":7.1,"curve":[0.339,0.31,0.672,0.65]},{"time":1.5,"angle":9.01,"curve":[0.334,0.33,0.667,0.66]},{"time":1.6,"angle":18.76,"curve":[0.334,0.33,0.667,0.66]},{"time":1.7,"angle":20.88,"curve":[0.334,0.33,0.667,0.66]},{"time":1.8333,"angle":18.3,"curve":[0.334,0.33,0.667,0.67]},{"time":1.9,"angle":22.85,"curve":[0.695,0.08,0.242,0.97]},{"time":2.1667,"angle":18.76,"curve":[0.659,0.05,0.247,0.96]},{"time":2.3333,"angle":56.33,"curve":[0.637,0.02,0.163,0.96]},{"time":2.5,"angle":57.08,"curve":[0.585,0.03,0.19,1]},{"time":2.6,"angle":54.47,"curve":[0.563,0.02,0.481,1]},{"time":2.8333,"angle":59.13,"curve":[0.573,0.01,0.454,0.98]},{"time":3.3333,"angle":56.33,"curve":[1,0,0.367,1]},{"time":3.8333,"angle":0}],"translate":[{"time":0,"x":0,"y":0,"curve":"stepped"},{"time":0.5,"x":0,"y":0,"curve":"stepped"},{"time":0.8333,"x":0,"y":0,"curve":"stepped"},{"time":0.9333,"x":0,"y":0,"curve":"stepped"},{"time":1.5,"x":0,"y":0,"curve":"stepped"},{"time":3.5,"x":0,"y":0}],"scale":[{"time":0,"x":1,"y":1,"curve":"stepped"},{"time":0.5,"x":1,"y":1,"curve":"stepped"},{"time":0.8333,"x":1,"y":1,"curve":"stepped"},{"time":0.9333,"x":1,"y":1,"curve":"stepped"},{"time":1.5,"x":1,"y":1,"curve":"stepped"},{"time":3.5,"x":1,"y":1}]},"wing1_left":{"rotate":[{"time":0,"angle":0,"curve":[0.247,0.42,0.625,0.96]},{"time":0.5,"angle":4.86,"curve":[0.359,0.23,0.689,0.57]},{"time":0.8333,"angle":0,"curve":[0.339,0.31,0.672,0.65]},{"time":0.9333,"angle":15.43,"curve":[0.339,0.31,0.672,0.65]},{"time":1.5,"angle":17.34,"curve":[0.334,0.33,0.667,0.66]},{"time":1.6,"angle":26.22,"curve":[0.334,0.33,0.667,0.67]},{"time":1.7,"angle":28.34,"curve":[0.334,0.33,0.667,0.66]},{"time":1.8333,"angle":25.76,"curve":[0.334,0.33,0.667,0.67]},{"time":1.9,"angle":30.31,"curve":[0.695,0.08,0.242,0.97]},{"time":2.1667,"angle":26.22,"curve":[0.659,0.05,0.247,0.96]},{"time":2.3333,"angle":9.21,"curve":[0.637,0.02,0.163,0.96]},{"time":2.5,"angle":9.96,"curve":[0.585,0.03,0.19,1]},{"time":2.6,"angle":7.35,"curve":[0.563,0.02,0.481,1]},{"time":2.8333,"angle":12.01,"curve":[0.573,0.01,0.454,0.98]},{"time":3.3333,"angle":9.21,"curve":[0.336,0.33,0.669,0.66]},{"time":3.8333,"angle":0}],"translate":[{"time":0,"x":0,"y":0,"curve":"stepped"},{"time":0.5,"x":0,"y":0,"curve":"stepped"},{"time":0.8333,"x":0,"y":0,"curve":"stepped"},{"time":0.9333,"x":0,"y":0,"curve":"stepped"},{"time":1.5,"x":0,"y":0,"curve":"stepped"},{"time":3.5,"x":0,"y":0}],"scale":[{"time":0,"x":1,"y":1,"curve":"stepped"},{"time":0.5,"x":1,"y":1,"curve":"stepped"},{"time":0.8333,"x":1,"y":1,"curve":"stepped"},{"time":0.9333,"x":1,"y":1,"curve":"stepped"},{"time":1.5,"x":1,"y":1,"curve":"stepped"},{"time":3.5,"x":1,"y":1}]},"wing2_left":{"rotate":[{"time":0,"angle":0,"curve":[0.247,0.42,0.625,0.96]},{"time":0.5,"angle":4.86,"curve":[0.355,0.23,0.686,0.57]},{"time":0.8333,"angle":0,"curve":[0.339,0.31,0.672,0.65]},{"time":0.9333,"angle":7.1,"curve":[0.339,0.31,0.672,0.65]},{"time":1.5,"angle":9.01,"curve":[0.334,0.33,0.667,0.66]},{"time":1.6,"angle":18.76,"curve":[0.334,0.33,0.667,0.66]},{"time":1.7,"angle":20.88,"curve":[0.334,0.33,0.667,0.66]},{"time":1.8333,"angle":18.3,"curve":[0.334,0.33,0.667,0.67]},{"time":1.9,"angle":22.85,"curve":[0.695,0.08,0.242,0.97]},{"time":2.1667,"angle":18.76,"curve":[0.659,0.05,0.247,0.96]},{"time":2.3333,"angle":46.92,"curve":[0.637,0.02,0.163,0.96]},{"time":2.5,"angle":47.66,"curve":[0.585,0.03,0.19,1]},{"time":2.6,"angle":45.06,"curve":[0.563,0.02,0.481,1]},{"time":2.8333,"angle":49.71,"curve":[0.573,0.01,0.454,0.98]},{"time":3.3333,"angle":46.92,"curve":[1,0,0.367,1]},{"time":3.8333,"angle":0}],"translate":[{"time":0,"x":0,"y":0,"curve":"stepped"},{"time":0.5,"x":0,"y":0,"curve":"stepped"},{"time":0.8333,"x":0,"y":0,"curve":"stepped"},{"time":0.9333,"x":0,"y":0,"curve":"stepped"},{"time":1.5,"x":0,"y":0,"curve":"stepped"},{"time":3.5,"x":0,"y":0}],"scale":[{"time":0,"x":1,"y":1,"curve":"stepped"},{"time":0.5,"x":1,"y":1,"curve":"stepped"},{"time":0.8333,"x":1,"y":1,"curve":"stepped"},{"time":0.9333,"x":1,"y":1,"curve":"stepped"},{"time":1.5,"x":1,"y":1,"curve":"stepped"},{"time":3.5,"x":1,"y":1}]},"tail":{"rotate":[{"time":0,"angle":0,"curve":[0.335,0,0.669,0.33]},{"time":0.5,"angle":6.93,"curve":[0.335,0.25,0.668,0.58]},{"time":0.8333,"angle":7.74,"curve":[0.335,0.28,0.668,0.61]},{"time":1.5,"angle":5.35,"curve":[0.336,0.26,0.669,0.59]},{"time":2.1667,"angle":26.74,"curve":[0.334,0.32,0.667,0.65]},{"time":2.3333,"angle":53.98,"curve":[0.338,0.26,0.671,0.59]},{"time":3.5,"angle":0}],"translate":[{"time":0,"x":0,"y":0,"curve":"stepped"},{"time":3.5,"x":0,"y":0}],"scale":[{"time":0,"x":1,"y":1,"curve":"stepped"},{"time":3.5,"x":1,"y":1}]},"bone3":{"rotate":[{"time":0,"angle":0,"curve":[0.335,0,0.669,0.33]},{"time":0.5,"angle":5.55,"curve":[0.335,0.25,0.668,0.58]},{"time":0.8333,"angle":6.27,"curve":[0.335,0.28,0.668,0.61]},{"time":1.5,"angle":4.23,"curve":[0.336,0.26,0.669,0.59]},{"time":2.1667,"angle":17.58,"curve":[0.334,0.32,0.667,0.65]},{"time":2.3333,"angle":-4.16,"curve":[0.338,0.26,0.671,0.59]},{"time":3.5,"angle":0}],"translate":[{"time":0,"x":0,"y":0,"curve":"stepped"},{"time":3.5,"x":0,"y":0}],"scale":[{"time":0,"x":1,"y":1,"curve":"stepped"},{"time":3.5,"x":1,"y":1}]},"bone4":{"rotate":[{"time":0,"angle":0,"curve":[0.335,0,0.669,0.33]},{"time":0.5,"angle":6.84,"curve":[0.335,0.25,0.668,0.58]},{"time":0.8333,"angle":7.64,"curve":[0.335,0.28,0.668,0.61]},{"time":1.5,"angle":5.22,"curve":[0.336,0.26,0.669,0.59]},{"time":2.1667,"angle":16.82,"curve":[0.334,0.32,0.667,0.65]},{"time":2.3333,"angle":4.93,"curve":[0.338,0.26,0.671,0.59]},{"time":3.5,"angle":0}],"translate":[{"time":0,"x":0,"y":0,"curve":"stepped"},{"time":3.5,"x":0,"y":0}],"scale":[{"time":0,"x":1,"y":1,"curve":"stepped"},{"time":3.5,"x":1,"y":1}]},"bone5":{"rotate":[{"time":0,"angle":0,"curve":[0.335,0,0.669,0.33]},{"time":0.5,"angle":6.86,"curve":[0.335,0.25,0.668,0.58]},{"time":0.8333,"angle":7.56,"curve":[0.335,0.28,0.668,0.61]},{"time":1.5,"angle":5.29,"curve":[0.336,0.26,0.669,0.59]},{"time":2.1667,"angle":9.87,"curve":[0.334,0.32,0.667,0.65]},{"time":2.3333,"angle":-4.95,"curve":[0.338,0.26,0.671,0.59]},{"time":3.5,"angle":0}],"translate":[{"time":0,"x":0,"y":0,"curve":"stepped"},{"time":3.5,"x":0,"y":0}],"scale":[{"time":0,"x":1,"y":1,"curve":"stepped"},{"time":3.5,"x":1,"y":1}]},"bone6":{"rotate":[{"time":0,"angle":0,"curve":[0.335,0,0.669,0.33]},{"time":0.5,"angle":9.69,"curve":[0.335,0.25,0.668,0.58]},{"time":0.8333,"angle":10.62,"curve":[0.335,0.28,0.668,0.61]},{"time":1.5,"angle":7.42,"curve":[0.336,0.26,0.669,0.59]},{"time":2.1667,"angle":2.61,"curve":[0.334,0.32,0.667,0.65]},{"time":2.3333,"angle":-1.03,"curve":[0.338,0.26,0.671,0.59]},{"time":3.5,"angle":0}],"translate":[{"time":0,"x":0,"y":0,"curve":"stepped"},{"time":3.5,"x":0,"y":0}],"scale":[{"time":0,"x":1,"y":1,"curve":"stepped"},{"time":3.5,"x":1,"y":1}]},"bone7":{"rotate":[{"time":0,"angle":0,"curve":[0.335,0,0.669,0.33]},{"time":0.5,"angle":9.51,"curve":[0.335,0.25,0.668,0.58]},{"time":0.8333,"angle":10.49,"curve":[0.335,0.28,0.668,0.61]},{"time":1.5,"angle":7.27,"curve":[0.336,0.26,0.669,0.59]},{"time":2.1667,"angle":-14.77,"curve":[0.334,0.32,0.667,0.65]},{"time":2.3333,"angle":-7.35,"curve":[0.338,0.26,0.671,0.59]},{"time":3.5,"angle":0}],"translate":[{"time":0,"x":0,"y":0,"curve":"stepped"},{"time":3.5,"x":0,"y":0}],"scale":[{"time":0,"x":1,"y":1,"curve":"stepped"},{"time":3.5,"x":1,"y":1}]},"bone8":{"rotate":[{"time":0,"angle":0,"curve":[0.335,0,0.669,0.33]},{"time":0.5,"angle":8.87,"curve":[0.335,0.25,0.668,0.58]},{"time":0.8333,"angle":9.85,"curve":[0.335,0.28,0.668,0.61]},{"time":1.5,"angle":6.43,"curve":[0.336,0.26,0.669,0.59]},{"time":2.1667,"angle":-33.71,"curve":[0.334,0.32,0.667,0.65]},{"time":2.3333,"angle":-9.82,"curve":[0.338,0.26,0.671,0.59]},{"time":3.5,"angle":0}],"translate":[{"time":0,"x":0,"y":0,"curve":"stepped"},{"time":3.5,"x":0,"y":0}],"scale":[{"time":0,"x":1,"y":1,"curve":"stepped"},{"time":3.5,"x":1,"y":1}]},"bone9":{"rotate":[{"time":0,"angle":0,"curve":[0.335,0,0.669,0.33]},{"time":0.5,"angle":14.09,"curve":[0.335,0.25,0.668,0.58]},{"time":0.8333,"angle":15.78,"curve":[0.335,0.28,0.668,0.61]},{"time":1.5,"angle":10.01,"curve":[0.336,0.26,0.669,0.59]},{"time":2.1667,"angle":-36.51,"curve":[0.334,0.32,0.667,0.65]},{"time":2.3333,"angle":2.94,"curve":[0.338,0.26,0.671,0.59]},{"time":3.5,"angle":0}],"translate":[{"time":0,"x":0,"y":0,"curve":"stepped"},{"time":3.5,"x":0,"y":0}],"scale":[{"time":0,"x":1,"y":1,"curve":"stepped"},{"time":3.5,"x":1,"y":1}]},"bone10":{"rotate":[{"time":0,"angle":0,"curve":[0.335,0,0.669,0.33]},{"time":0.5,"angle":19.24,"curve":[0.335,0.25,0.668,0.58]},{"time":0.8333,"angle":21.57,"curve":[0.335,0.28,0.668,0.61]},{"time":1.5,"angle":12.67,"curve":[0.336,0.26,0.669,0.59]},{"time":2.1667,"angle":-4.28,"curve":[0.334,0.32,0.667,0.65]},{"time":2.3333,"angle":1.74,"curve":[0.338,0.26,0.671,0.59]},{"time":3.5,"angle":0}],"translate":[{"time":0,"x":0,"y":0,"curve":"stepped"},{"time":3.5,"x":0,"y":0}],"scale":[{"time":0,"x":1,"y":1,"curve":"stepped"},{"time":3.5,"x":1,"y":1}]},"bone11":{"rotate":[{"time":0,"angle":0,"curve":[0.335,0,0.669,0.33]},{"time":0.5,"angle":34.58,"curve":[0.335,0.25,0.668,0.58]},{"time":0.8333,"angle":39.09,"curve":[0.335,0.28,0.668,0.61]},{"time":1.5,"angle":9.63,"curve":[0.336,0.26,0.669,0.59]},{"time":2.1667,"angle":18.99,"curve":[0.334,0.32,0.667,0.65]},{"time":2.3333,"angle":-16.06,"curve":[0.338,0.26,0.671,0.59]},{"time":3.5,"angle":0}],"translate":[{"time":0,"x":0,"y":0,"curve":"stepped"},{"time":3.5,"x":0,"y":0}],"scale":[{"time":0,"x":1,"y":1,"curve":"stepped"},{"time":3.5,"x":1,"y":1}]},"bone12":{"rotate":[{"time":0,"angle":0,"curve":[0.335,0,0.669,0.33]},{"time":0.5,"angle":68.9,"curve":[0.335,0.25,0.668,0.58]},{"time":0.8333,"angle":45.64,"curve":[0.335,0.28,0.668,0.61]},{"time":1.5,"angle":67.75,"curve":[0.336,0.26,0.669,0.59]},{"time":2.1667,"angle":11.12,"curve":[0.334,0.32,0.667,0.65]},{"time":2.3333,"angle":53.75,"curve":[0.338,0.26,0.671,0.59]},{"time":3.5,"angle":0}],"translate":[{"time":0,"x":0,"y":0,"curve":"stepped"},{"time":3.5,"x":0,"y":0}],"scale":[{"time":0,"x":1,"y":1,"curve":"stepped"},{"time":3.5,"x":1,"y":1}]},"eye light":{"rotate":[{"time":0,"angle":0,"curve":"stepped"},{"time":3.5,"angle":0,"curve":"stepped"},{"time":3.8333,"angle":0}],"translate":[{"time":0,"x":0,"y":0,"curve":"stepped"},{"time":3.5,"x":0,"y":0,"curve":"stepped"},{"time":3.8333,"x":0,"y":0}],"scale":[{"time":0,"x":1,"y":1,"curve":"stepped"},{"time":0.8333,"x":1,"y":1},{"time":1,"x":1.309,"y":1.309},{"time":2.1667,"x":1.282,"y":1.282},{"time":2.3333,"x":1.392,"y":1.392},{"time":3.5,"x":1,"y":1}]},"bone":{"rotate":[{"time":1.5,"angle":1.91},{"time":1.6,"angle":12.4},{"time":1.7,"angle":14.51},{"time":1.8333,"angle":11.92},{"time":1.9,"angle":16.47,"curve":[0.695,0.08,0.242,0.97]},{"time":2.1667,"angle":12.4,"curve":[0.659,0.05,0.247,0.96]},{"time":2.3333,"angle":34.52,"curve":[0.637,0.02,0.163,0.96]},{"time":2.5,"angle":35.27,"curve":[0.585,0.03,0.19,1]},{"time":2.6,"angle":32.66,"curve":[0.563,0.02,0.481,1]},{"time":2.8333,"angle":37.33,"curve":[0.573,0.01,0.454,0.98]},{"time":3.3333,"angle":34.52}]},"effect_wepon":{"rotate":[{"time":2.1667,"angle":0}],"translate":[{"time":0.8333,"x":-6.22,"y":5.7,"curve":"stepped"},{"time":2.1667,"x":-6.22,"y":5.7}],"scale":[{"time":0.8333,"x":0.204,"y":0.204},{"time":1,"x":0.647,"y":0.647},{"time":1.6,"x":1.23,"y":1.23},{"time":1.7,"x":1.422,"y":1.422},{"time":1.8333,"x":0.792,"y":0.792},{"time":2,"x":1.234,"y":1.234},{"time":2.1667,"x":1.23,"y":1.23},{"time":2.3333,"x":2.003,"y":2.003},{"time":2.5,"x":1.807,"y":1.807},{"time":2.6333,"x":1.247,"y":1.247},{"time":2.7,"x":1.537,"y":1.537},{"time":2.8333,"x":1.305,"y":1.305},{"time":3.3333,"x":0.449,"y":0.449},{"time":3.6667,"x":0.285,"y":0.285}]},"effect_skill1":{"scale":[{"time":1.5667,"x":1,"y":1},{"time":1.7,"x":1.515,"y":1.515},{"time":2.6667,"x":1.714,"y":1.714}]},"effect_skill2":{"scale":[{"time":1.7,"x":0.791,"y":0.791},{"time":1.7667,"x":1.591,"y":1.591},{"time":3.3333,"x":1.889,"y":1.889}]},"effect_skill3":{"scale":[{"time":1.8333,"x":0.793,"y":0.793},{"time":1.9333,"x":1.361,"y":1.361},{"time":3.8333,"x":1.89,"y":1.89}]},"effect_wepon2":{"translate":[{"time":2.1667,"x":14.05,"y":22.05},{"time":2.2667,"x":36.51,"y":8.67},{"time":2.5,"x":43.28,"y":111.83}],"scale":[{"time":1.5,"x":0.477,"y":0.477},{"time":1.5667,"x":1.141,"y":1.141},{"time":2.1667,"x":1.714,"y":1.714},{"time":2.2667,"x":1.23,"y":1.23},{"time":2.5,"x":3.319,"y":3.319}]},"effect_wepon_glow":{"scale":[{"time":2.3333,"x":1.722,"y":1.722}]}},"deform":{"default":{"arm2_right":{"arm2_right":[{"time":0},{"time":0.5,"vertices":[17.38153,-11.26428,12.78455,-2.56589,0,0,0,0,0,0,0,0,-6.14725,-14.82904,-11.78339,-28.63861,4.0686,-35.29489]}]},"body":{"body":[{"time":0},{"time":0.5,"vertices":[6.80086,24.25071,1.27382,-9.68777,-1.11438,0.25863,0,0,0,0,0,0,3.28053,19.19719,2.78201,32.22733,-8.82022,78.35864,10.31544,95.05064,33.59326,63.82053,47.79883,44.08786,118.06355,23.0874,112.53625,-10.85093,43.10892,-6.48114,4.79471,-4.6347,-3.08354,1.88951,13.7868,-11.41727,0,0,0,0,0,0,0,0,-9.42929,-0.15997,-0.06155,19.97282,-3.32365,16.03354,-0.8372,16.63063]},{"time":1.5,"vertices":[5.10064,18.18803,0.35929,-14.20815,-6.12732,-1.99786,0,0,0,0,0,0,2.4604,14.39789,4.67283,38.88047,-4.77172,89.04161,22.89614,98.14896,25.19495,47.86539,35.84912,33.0659,112.19003,21.90071,126.67963,-0.05018,51.76461,-7.47493,3.59603,-3.47603,-2.31266,1.41713,10.3401,-8.56296,0,0,0,0,0,0,0,0,-7.07197,-0.11998,-0.04617,14.97962,-2.49274,12.02515,-0.6279,12.47297],"curve":[0.25,0,0.499,1]},{"time":1.6,"vertices":[4.84561,17.27863,0.34133,-13.49774,-8.03558,-1.31145,0,0,0,0,0,0,2.33738,13.67799,2.48734,56.41333,3.97115,116.70229,16.83645,119.42806,26.83728,74.32854,19.46909,61.34592,68.8045,61.61975,68.10875,39.85606,18.88921,12.7697,-5.08337,4.87369,-2.19702,1.34628,9.8231,-8.13481,0,0,0,0,0,0,0,0,-6.71837,-0.11398,-5.15586,26.24934,-2.3681,11.4239,4.48494,17.61357],"curve":[0.658,0.01,0.491,1]},{"time":2.1667,"vertices":[3.40043,12.12536,0.23953,-9.4721,-5.63901,-0.92031,0,0,0,0,0,0,1.64027,9.59859,1.7455,39.5883,6.47215,91.59262,11.81505,83.80917,21.12314,61.03373,13.66252,43.04977,57.22864,50.39809,76.74096,34.69569,19.94621,11.9667,-3.56728,3.42013,-1.54177,0.94476,6.8934,-5.70864,0,0,0,0,0,0,0,0,-4.71465,-0.07998,-3.61814,18.42059,-1.66183,8.01677,3.14733,12.3604],"curve":[0.631,0.01,0.437,1]},{"time":2.3333,"vertices":[2.97537,10.60969,0.20959,-8.28809,-4.93413,-0.80528,0,0,0,0,-19.41507,7.31219,-41.24751,31.09787,-14.29635,37.49032,-4.4135,63.79767,-3.26544,75.61779,17.37246,53.68739,0.59255,44.11047,15.14097,60.09407,-1.97923,42.06538,-9.47105,16.15038,-18.68378,2.23021,-1.34905,0.82666,6.03173,-4.99506,0,0,0,0,0,0,0,0,-4.12531,-0.06999,-10.37068,20.31838,-13.64325,14.8496,-2.51357,13.33986],"curve":[0.791,0.03,0.174,0.99]},{"time":3.3333,"vertices":[0.42505,1.51567,-11.57925,-5.51464,-35.73075,1.06114,0,0,0,0,-2.77358,1.0446,-5.8925,4.44255,0.31765,15.39153,-0.50117,19.67403,-3.41965,23.2645,2.48178,7.66963,0.08465,6.3015,3.47406,14.16031,11.06131,29.23018,-0.56636,5.65244,-2.66911,0.3186,-0.19272,0.11809,0.86168,-0.71358,0,0,0,0,0,0,0,0,-0.58933,-0.01,-1.48153,2.90263,-1.94904,2.12137,-0.35908,1.90569]},{"time":3.5,"offset":2,"vertices":[-9.96271,-2.39215,-29.27148,5.616,-11.75705,5.07988,0,0,0,0,0,0,0,0,0,0,0,0,0,0,0,0,11.17697,12.69335,5.59772,13.98811,1.89261,3.08867]}]},"hair2":{"hair2":[{"time":0},{"time":0.5,"offset":2,"vertices":[-5.0976,-7.83838,0,0,-1.3064,-14.5244,0,0,6.68652,3.79102,2.63867,2.20291,14.78229,6.96715]},{"time":0.8333,"vertices":[-4.06329,-6.84343,-4.4604,-6.85858,-4.85303,-8.65297,-3.39694,-20.34207,15.69385,-38.08447,24.22675,-1.47069,23.28442,-1.84046,30.06084,8.31667]},{"time":0.9333,"vertices":[-3.88915,-6.55014,-4.26924,-6.56464,-4.64504,-8.28213,-12.82796,-24.95733,-1.86656,-17.63454,17.58946,10.14018,16.68752,9.78625,28.77252,7.96024]},{"time":1.5,"offset":6,"vertices":[-3.27521,7.77273,-5.52417,14.59849,-0.23706,5.91847,-4.57764,15.62438,-0.39496,9.86404]},{"time":1.6,"offset":6,"vertices":[-3.66601,-8.43223,-0.94944,1.14782,0.9507,-1.25819,4.85681,3.24432,7.54642,8.60018]},{"time":2.1667,"offset":6,"vertices":[-2.57264,-5.91736,2.23784,8.72452,0.63121,4.0529,4.30917,14.12993,5.21657,16.89411]},{"time":2.3333,"offset":6,"vertices":[-2.23678,-11.10086,7.90275,-1.23658,0.55468,2.5591,6.74403,7.43481,12.47398,9.86537]},{"time":3.3333,"offset":6,"vertices":[-2.23806,0.44289,-1.66651,5.82682,-5.53911,11.38573,-8.32679,22.06051,-0.82054,14.32043]},{"time":3.5}]},"hair_1":{"hair_1":[{"time":0},{"time":0.5,"vertices":[4.70868,-0.24554,-2.52216,-0.4239,-18.83575,0.98209,-21.11224,5.26705,-47.00049,-1.15997,-11.09241,-4.97645,-3.28064,1.00432,-5.31165,9.99844,-2.34363,-7.6548,-16.49286,8.63723,-6.47198,-1.60673]},{"time":0.8333,"vertices":[4.41439,-0.23019,-2.36452,-0.3974,-19.82719,-6.1616,-31.16431,-15.33597,-47.84167,-25.23496,-14.45623,-11.16956,-5.61008,-3.9631,-4.97967,9.37353,-2.19715,-7.17638,-15.46206,8.0974,-6.06749,-1.50631]},{"time":0.9333,"vertices":[3.94352,-0.20564,-2.11231,-0.35501,-15.77494,0.8225,-18.50133,15.87536,-41.78143,26.46463,4.23355,-1.83132,14.54647,1.50783,-4.4485,8.37369,-1.96279,-6.4109,-7.16256,-4.38387,-5.42029,-1.34563]},{"time":1.5,"vertices":[3.53151,-0.18415,-1.89162,-0.31792,-13.36467,-24.5135,-16.56835,14.21674,-25.43829,-12.48863,-7.83126,-28.81791,-7.68077,-8.2155,-3.98373,7.49883,-4.85367,-6.22309,-11.6419,-11.08195,-4.85399,-1.20505]},{"time":1.6,"vertices":[3.35493,-0.17494,-8.59135,-9.35848,-13.099,-9.65137,-16.71308,-3.96144,-34.25657,-10.80298,-6.26759,-21.45026,12.37535,1.28278,-3.78455,7.12388,-1.66983,-5.45405,-3.66927,-12.62533,-4.61129,-1.14479]},{"time":2.1667,"vertices":[2.35434,-0.12277,-6.02902,-6.56736,-9.19228,-6.77289,-11.72848,-2.77996,-24.0397,-7.58104,-4.39831,-15.05281,8.68446,0.9002,-2.65582,4.99922,-1.17181,-3.8274,-2.57492,-8.85988,-3.23599,-0.80336]},{"time":2.3333,"vertices":[6.86998,-1.84589,-5.27539,-5.74644,-3.56369,4.96273,-3.1752,15.6716,-16.75245,15.74745,14.59704,6.26586,21.29843,11.60725,3.29157,15.39672,0.97973,-0.81074,7.96954,-6.55275,-2.83149,-0.70294]},{"time":3.3333,"vertices":[0.98143,-0.2637,-0.75363,-0.82092,-11.64203,-15.98248,-20.41002,-21.50861,-8.78011,-32.9011,-5.65519,-18.64714,-8.36099,-11.91171,0.47022,2.19953,0.13996,-0.11582,1.13851,-0.93611,-0.4045,-0.10042]},{"time":3.5,"offset":2,"vertices":[-3.4184,-0.27823,-5.29999,8.74826,-11.95435,5.91275,-26.65112,17.33958,4.96045,9.58182,4.09692,6.06987,0,0,0,0,9.12006,0.74112]},{"time":3.8333}]},"leg2_left":{"leg2_left":[{"time":0},{"time":0.5,"vertices":[4.28487,12.31531,4.68357,3.99911,-9.36755,-7.99799,0,0,0,0,0,0,35.78174,4.86105,15.13317,12.36427,34.53703,40.65939]},{"time":3.8333}]},"leg2_right":{"leg2_right":[{"time":0},{"time":0.5,"vertices":[-11.47237,-7.87131,-2.96933,3.66306,0,0,-51.18863,17.77783,-33.78569,-0.60752,4.62936,0.89622,4.69125,-15.4782,9.7337,-18.17482,0,0,-23.63853,-22.37508]}]},"wing1_left":{"wing2_left":[{"time":0,"curve":[0.277,0.33,0.621,0.69]},{"time":1.6,"offset":4,"vertices":[30.97388,-4.32846,41.42538,-18.72012],"curve":[0.321,0.37,0.656,0.72]},{"time":2.3333,"vertices":[19.97333,-25.18571,2.17615,1.03444,47.48906,-23.03241,69.67607,-35.55022,0,0,0,0,0,0,0,0,0,0,0,0,0,0,19.65076,-41.34474],"curve":[0.326,0.5,0.662,0.86]},{"time":3.3333,"vertices":[18.01144,-49.44763,6.38572,-19.77412,27.31928,-41.11806,85.63744,-47.19667,0,0,0,0,0,0,0,0,0,0,0,0,0,0,7.35115,-27.27118],"curve":[0.333,0.46,0.667,0.79]},{"time":3.5,"vertices":[4.90076,-20.77647,0,0,29.83594,-32.91595,54.34955,-27.27373,0,0,0,0,0,0,0,0,0,0,0,0,0,0,12.0827,-13.91371]}]},"wing1_right":{"wing2_right":[{"time":0,"curve":[0.297,0.32,0.634,0.66]},{"time":0.9333,"offset":12,"vertices":[-19.76599,5.87685,0,0,0,0,16.38196,-22.08132,12.28638,-16.56111,5.16388,-11.57476,0,0,16.38171,-22.08124,18.34088,-15.49276,10.68408,-7.47931],"curve":[0.323,0.34,0.657,0.67]},{"time":1.6,"offset":12,"vertices":[-14.99833,4.45932,0,0,0,0,12.43054,-16.75519,9.32284,-12.56648,3.91832,-8.78286,0,0,12.07574,-25.97033,13.91696,-11.75582,32.08914,-21.97914,27.99915,8.15175],"curve":[0.316,0.37,0.652,0.71]},{"time":2.3333,"vertices":[-1.08044,-8.41599,22.38715,-72.16628,20.409,-34.27161,0,0,0,0,0,0,-13.02985,14.31866,-16.31451,-0.47189,24.61639,-34.81227,5.38176,-7.2541,4.03629,-5.44061,1.69642,-3.80251,0,0,5.22815,-11.24376,6.0253,-5.08964,25.43621,-19.55232,56.66937,-15.91037,64.22308,7.15434,-1.57532,-51.69407],"curve":[0.327,0.39,0.661,0.73]},{"time":2.8333,"vertices":[-0.42052,-3.27556,8.71321,-28.08755,7.94331,-13.33872,0,0,0,0,0,0,-5.0713,5.57291,-6.34971,-0.18366,9.58085,-13.54915,2.09461,-2.82334,1.57095,-2.11752,0.66026,-1.47996,0,0,2.03483,-4.37614,2.34508,-1.98092,9.89993,-7.60988,34.65946,-7.95972,74.19286,2.31169,-0.61312,-20.11964],"curve":[0.33,0.47,0.665,0.81]},{"time":3.3333,"vertices":[17.94034,-18.20041,21.72223,-38.43082,4.33299,-15.94772,0,0,0,0,0,0,-0.60242,0.662,-0.75428,-0.02182,1.13811,-1.6095,0.24882,-0.33538,0.18661,-0.25154,0.07843,-0.1758,0,0,0.24172,-0.51984,0.27857,-0.23531,1.17601,-0.90398,13.03784,-15.38232,43.39501,-17.75726,21.45048,-23.50261],"curve":[0.333,0.47,0.667,0.8]},{"time":3.5,"vertices":[6.56763,-21.84122,12.09338,-21.58067,13.36908,-7.1875,0,0,0,0,0,0,0,0,0,0,0,0,0,0,0,0,0,0,0,0,0,0,0,0,0,0,0,0,41.13116,-15.65063]},{"time":3.8333}]},"wing2_right":{"wing1_right":[{"time":0,"curve":[0.317,0.33,0.651,0.66]},{"time":0.5,"offset":8,"vertices":[-33.71268,47.79333,3.0831,25.90076,-11.25482,34.17493,0,0,-8.99353,16.39331,-6.0643,22.61188,-7.60593,9.66138,-18.14102,13.10449,-15.88022,-4.67639,-10.17557,-11.92279],"curve":[0.32,0.33,0.654,0.67]},{"time":0.8333,"offset":4,"vertices":[7.51532,-19.20416,-3.00427,-26.27374,-27.59133,39.11531,2.52329,21.19785,0.14093,15.38939,0,0,-0.51362,7.23782,-4.96318,18.50615,1.06778,-6.95573,-14.84708,10.72506,-12.99678,-3.82728,-8.32795,-9.75792],"curve":[0.33,0.33,0.663,0.67]},{"time":0.9333,"offset":4,"vertices":[7.80505,-41.40614,-13.01722,-46.37074,-25.87216,36.6781,2.36607,19.87705,0.13215,14.4305,0,0,-0.48161,6.78684,-4.65393,17.35306,0.63873,-20.26501,-3.50799,-12.22177,-2.89364,-16.21112,-7.80905,-9.14992,0,0,4.66312,-31.75348],"curve":[0.309,0.35,0.646,0.7]},{"time":2.1667,"offset":4,"vertices":[3.72547,-19.76378,-6.21331,-22.13346,-12.34918,17.50702,1.12936,9.48762,0.06308,6.8879,0,0,-0.22988,3.23946,-2.22139,8.28288,0.30487,-9.6728,-1.67441,-5.83364,-1.38118,-7.73782,-3.72738,-4.3674,0,0,2.22578,-15.15642],"curve":[0.33,0.34,0.664,0.68]},{"time":2.3333,"offset":4,"vertices":[3.10953,-16.49619,-5.18605,-18.47408,-10.30746,14.61254,34.0428,7.19025,37.54942,23.19393,0,0,21.95876,23.34126,-1.85413,6.91345,3.86689,0.41087,-1.39758,-4.86915,-1.15283,-6.45851,-3.11112,-3.64533,0,0,1.85778,-12.65057],"curve":[0.326,0.37,0.66,0.71]},{"time":2.8333,"vertices":[-25.789,-15.61774,-27.59021,-13.21881,1.5602,-8.27695,-2.6021,-9.26936,-5.17176,7.33184,17.08096,3.6077,18.8404,11.63754,0,0,11.0178,11.71147,-0.93031,3.46882,1.94021,0.20615,-0.70124,-2.44309,-0.57843,-3.24055,-15.97427,17.36078,-40.2146,21.5719,-12.86315,-12.95673],"curve":[0.327,0.55,0.664,0.92]},{"time":3.8333}]}}}}}}